;DOCUMENTO;NOMBRES Y APELLIDOS ;CEL;ESTADO ASOCIADO
57;69006967;OBANDO MORA IRMA YOLANDA;3112058517;SI
57;69009042;ACOSTA LOPEZ MARIA ELENA;3124336185;SI
57;69009305;NUPAN MAYA ELIZABETH;3132215008;SI
57;1007394461;ANTURY PARRA HERNAN;3195705151;SI
57;1030080166;GALVIS CARVAJAL GENSER STIBEN;3166972877;SI
57;1030080500;QUEJUAN ACOSTA KAROL ALEJANDRA;3136578496;SI
57;1030080930;MORENO LOPEZ KAROL JAHAIRA;3228169855;SI
57;1030081071;PELAEZ RUIZ VALERY SOFIA;3214358121;SI
57;1030081302;VALLEJO FIGUEROA SARA TATIANA;3239351124;SI
57;1030081403;MONTANCHEZ VARELA NAILYN DANIELA;3117517889;SI
57;1030081601;MEDINA DIAZ CARLOS ANDRES;3218880185;SI
57;1030081795;GARNICA PORTILLO ARIANA SALOME;3123016303;SI
57;1030081921;PALACIOS OBANDO ALLISSON THALIANA;3227320218;SI
57;1030082276;GOMEZ GUERRON JENDERSON SAMUEL;3203518221;SI
57;1030082370;GUERRERO VERDUGO ANGEL SOFIA;3224179355;SI
57;1030082805;CHAVEZ CASTRO MARIA FERNANDA;3163751971;SI
57;1030083038;PIANDA VERA LAURENTH MAHIA;3206533689;SI
57;1030083293;MUJICA MALUA GABRIEL ALEJANDRO;3232312956;SI
57;1030083492;PORTILLA CHAMORRO JORGE ENRIQUE;3107763647;SI
57;1030083524;MATACEA CUARAN CHRISTIAN ALEXANDER;3115931582;SI
57;1030083542;JIMENEZ CAICEDO DANNA ISABELLA;3107901296;SI
57;1043465421;SUAREZ ROMO JUAN DIEGO;3218927982;SI
57;1058549795;SANDOVAL RIVAS MAIRA ALEJANDRA;3168122471;SI
57;1080836777;BASTIDAS ORTIZ MAICOL DAVID;3222741356;SI
;1120067076;BASTIDAS CERON CRISTIAN CAMILO;0;NO
57;1120067223;FAJARDO NUPAN LAURA ISABELA;3206252821;SI
57;1120067752;ARTURO NUPAN SARA VALENTINA;3133734831;SI
57;1120068516;GARCIA NAVARRO DIEGO ALEJANDRO;3132940705;SI
;1120068817;IDARRAGA DAGUA JOSE GABRIEL;0;NO
57;1120069205;YOHAR CASTRO AMARA FADHELA;3107554501;SI
57;1120069579;RAMOS CUCHALA EMMANUEL ALEJANDRO;3118880815;SI
57;1120069707;DIAZ SANCHEZ LAURA CAMILA;3132097902;SI
57;1120069836;DELGADO MENDEZ ABDIEL ALEJANDRO;3133889011;SI
57;1120069935;OJEDA FLOREZ MARIA SALOME;3112768757;SI
57;1120069968;QUEJUAN ACOSTA JUAN FERNANDO;3124336185;SI
57;1120070194;HUELGAS ACOSTA DYLAN ESTIVEN;3144415371;SI
57;1120070421;ARTEAGA MAVISOY EVELIN XIOMARA;3102716641;SI
57;1120070781;BASTIDAS ORTIZ EMILY VALENTINA;3204782782;SI
57;1120070828;PELAEZ RUIZ DAVID SANTIAGO;3214358121;SI
57;1120071846;AREVALO ORTEGATE MARIANA ISABELLA;3114219228;SI
;1122732825;RUIZ GUZMAN DEVIRSON SANTIAGO;0;NO
57;1122786446;BRAVO ORTEGA DULCE MARIA;3126900651;SI
57;1124852338;JOJOA OBANDO VALERIA SOFIA;3209220288;SI
57;1124852486;CAICEDO VALENCIA LUISA FERNANDA;3107901296;SI
57;1124856031;MERCHANCANO ZUIN ANDERSON JULIAN;3104927502;SI
57;1124856631;BASTIDAS GARZON JHONATAN GABRIEL;3124207353;SI
57;1124857418;LOPEZ PIEDRAHITA SARA ESLITH;3112696727;SI
;1124858308;LEYTON ORTIZ FREDER SANTIAGO;0;NO
57;1124858468;MALTE MALTE YENNI ALEJANDRA;3213839001;SI
57;1124859941;BASTIDAS JOAQUI ARLEY SANTIAGO;3214826378;SI
57;1124860555;VASQUEZ RODRIGUEZ ANTONNY SAMUEL;3208284407;SI
57;1124860624;LOZADA HENAO SARA ISABELLA;3183785501;SI
57;1124860716;LÓPEZ ALEGRÍA DANNA VALENTINA;3114928061;SI
57;1124860932;GALARRAGA CORDOBA KEVIN CAMILO;3142582067;SI
57;1124861044;MORCILLO NAVARRO ANA SOFIA;3144199577;SI
57;1124861535;DELGADO CUERO JUAN CAMILO;3154132991;SI
57;1124862034;MARTINEZ PALTA EMANUEL;3212453133;SI
57;1124862382;GALVIS CARVAJAL ELIAS ADIRVEY;3208307458;SI
57;1124863181;VERDUGO BENAVIDES ANDREA CAROLINA;3224179355;SI
57;1124864361;HIDALGO VEGA VALERY ANTONELLA;3214348291;SI
57;1124864362;MORALES ZUIN RICHARD SANTIAGO;3106983918;SI
57;1124865250;NUPAN SANTACRUZ MAYLORIN ISABELLA;3203251700;SI
57;1124866124;ALVAREZ BOLAÑOS JERONIMO;3123027367;SI
57;1124866132;SAEZ PANTOJA EDINSON FABIAN;3142289694;SI
57;1125181893;CARDONA MUTUMBAJOY YIZNED CAMILA;3224754263;SI
57;1125182994;MUTUMBAJOY GOMEZ NIDIA NATHALY;3224754263;SI
57;1192759591;IPUZ ALDANA MILEIDY JIMENA;3125213212;SI
