-- MySQL dump 10.13  Distrib 8.0.43, for Linux (x86_64)
--
-- Host: localhost    Database: mesa_ayuda
-- ------------------------------------------------------
-- Server version	8.0.43-0ubuntu0.22.04.1

/*!40101 SET @OLD_CHARACTER_SET_CLIENT=@@CHARACTER_SET_CLIENT */;
/*!40101 SET @OLD_CHARACTER_SET_RESULTS=@@CHARACTER_SET_RESULTS */;
/*!40101 SET @OLD_COLLATION_CONNECTION=@@COLLATION_CONNECTION */;
/*!50503 SET NAMES utf8mb4 */;
/*!40103 SET @OLD_TIME_ZONE=@@TIME_ZONE */;
/*!40103 SET TIME_ZONE='+00:00' */;
/*!40014 SET @OLD_UNIQUE_CHECKS=@@UNIQUE_CHECKS, UNIQUE_CHECKS=0 */;
/*!40014 SET @OLD_FOREIGN_KEY_CHECKS=@@FOREIGN_KEY_CHECKS, FOREIGN_KEY_CHECKS=0 */;
/*!40101 SET @OLD_SQL_MODE=@@SQL_MODE, SQL_MODE='NO_AUTO_VALUE_ON_ZERO' */;
/*!40111 SET @OLD_SQL_NOTES=@@SQL_NOTES, SQL_NOTES=0 */;

--
-- Table structure for table `auth_group`
--

DROP TABLE IF EXISTS `auth_group`;
/*!40101 SET @saved_cs_client     = @@character_set_client */;
/*!50503 SET character_set_client = utf8mb4 */;
CREATE TABLE `auth_group` (
  `id` int NOT NULL AUTO_INCREMENT,
  `name` varchar(150) NOT NULL,
  PRIMARY KEY (`id`),
  UNIQUE KEY `name` (`name`)
) ENGINE=InnoDB DEFAULT CHARSET=utf8mb4 COLLATE=utf8mb4_0900_ai_ci;
/*!40101 SET character_set_client = @saved_cs_client */;

--
-- Dumping data for table `auth_group`
--

LOCK TABLES `auth_group` WRITE;
/*!40000 ALTER TABLE `auth_group` DISABLE KEYS */;
/*!40000 ALTER TABLE `auth_group` ENABLE KEYS */;
UNLOCK TABLES;

--
-- Table structure for table `auth_group_permissions`
--

DROP TABLE IF EXISTS `auth_group_permissions`;
/*!40101 SET @saved_cs_client     = @@character_set_client */;
/*!50503 SET character_set_client = utf8mb4 */;
CREATE TABLE `auth_group_permissions` (
  `id` bigint NOT NULL AUTO_INCREMENT,
  `group_id` int NOT NULL,
  `permission_id` int NOT NULL,
  PRIMARY KEY (`id`),
  UNIQUE KEY `auth_group_permissions_group_id_permission_id_0cd325b0_uniq` (`group_id`,`permission_id`),
  KEY `auth_group_permissio_permission_id_84c5c92e_fk_auth_perm` (`permission_id`),
  CONSTRAINT `auth_group_permissio_permission_id_84c5c92e_fk_auth_perm` FOREIGN KEY (`permission_id`) REFERENCES `auth_permission` (`id`),
  CONSTRAINT `auth_group_permissions_group_id_b120cbf9_fk_auth_group_id` FOREIGN KEY (`group_id`) REFERENCES `auth_group` (`id`)
) ENGINE=InnoDB DEFAULT CHARSET=utf8mb4 COLLATE=utf8mb4_0900_ai_ci;
/*!40101 SET character_set_client = @saved_cs_client */;

--
-- Dumping data for table `auth_group_permissions`
--

LOCK TABLES `auth_group_permissions` WRITE;
/*!40000 ALTER TABLE `auth_group_permissions` DISABLE KEYS */;
/*!40000 ALTER TABLE `auth_group_permissions` ENABLE KEYS */;
UNLOCK TABLES;

--
-- Table structure for table `auth_permission`
--

DROP TABLE IF EXISTS `auth_permission`;
/*!40101 SET @saved_cs_client     = @@character_set_client */;
/*!50503 SET character_set_client = utf8mb4 */;
CREATE TABLE `auth_permission` (
  `id` int NOT NULL AUTO_INCREMENT,
  `name` varchar(255) NOT NULL,
  `content_type_id` int NOT NULL,
  `codename` varchar(100) NOT NULL,
  PRIMARY KEY (`id`),
  UNIQUE KEY `auth_permission_content_type_id_codename_01ab375a_uniq` (`content_type_id`,`codename`),
  CONSTRAINT `auth_permission_content_type_id_2f476e4b_fk_django_co` FOREIGN KEY (`content_type_id`) REFERENCES `django_content_type` (`id`)
) ENGINE=InnoDB AUTO_INCREMENT=33 DEFAULT CHARSET=utf8mb4 COLLATE=utf8mb4_0900_ai_ci;
/*!40101 SET character_set_client = @saved_cs_client */;

--
-- Dumping data for table `auth_permission`
--

LOCK TABLES `auth_permission` WRITE;
/*!40000 ALTER TABLE `auth_permission` DISABLE KEYS */;
INSERT INTO `auth_permission` VALUES (1,'Can add log entry',1,'add_logentry'),(2,'Can change log entry',1,'change_logentry'),(3,'Can delete log entry',1,'delete_logentry'),(4,'Can view log entry',1,'view_logentry'),(5,'Can add permission',2,'add_permission'),(6,'Can change permission',2,'change_permission'),(7,'Can delete permission',2,'delete_permission'),(8,'Can view permission',2,'view_permission'),(9,'Can add group',3,'add_group'),(10,'Can change group',3,'change_group'),(11,'Can delete group',3,'delete_group'),(12,'Can view group',3,'view_group'),(13,'Can add content type',4,'add_contenttype'),(14,'Can change content type',4,'change_contenttype'),(15,'Can delete content type',4,'delete_contenttype'),(16,'Can view content type',4,'view_contenttype'),(17,'Can add session',5,'add_session'),(18,'Can change session',5,'change_session'),(19,'Can delete session',5,'delete_session'),(20,'Can view session',5,'view_session'),(21,'Can add user',6,'add_user'),(22,'Can change user',6,'change_user'),(23,'Can delete user',6,'delete_user'),(24,'Can view user',6,'view_user'),(25,'Can add requerimiento',7,'add_requerimiento'),(26,'Can change requerimiento',7,'change_requerimiento'),(27,'Can delete requerimiento',7,'delete_requerimiento'),(28,'Can view requerimiento',7,'view_requerimiento'),(29,'Can add detalle requerimiento',8,'add_detallerequerimiento'),(30,'Can change detalle requerimiento',8,'change_detallerequerimiento'),(31,'Can delete detalle requerimiento',8,'delete_detallerequerimiento'),(32,'Can view detalle requerimiento',8,'view_detallerequerimiento');
/*!40000 ALTER TABLE `auth_permission` ENABLE KEYS */;
UNLOCK TABLES;

--
-- Table structure for table `django_admin_log`
--

DROP TABLE IF EXISTS `django_admin_log`;
/*!40101 SET @saved_cs_client     = @@character_set_client */;
/*!50503 SET character_set_client = utf8mb4 */;
CREATE TABLE `django_admin_log` (
  `id` int NOT NULL AUTO_INCREMENT,
  `action_time` datetime(6) NOT NULL,
  `object_id` longtext,
  `object_repr` varchar(200) NOT NULL,
  `action_flag` smallint unsigned NOT NULL,
  `change_message` longtext NOT NULL,
  `content_type_id` int DEFAULT NULL,
  `user_id` bigint NOT NULL,
  PRIMARY KEY (`id`),
  KEY `django_admin_log_content_type_id_c4bce8eb_fk_django_co` (`content_type_id`),
  KEY `django_admin_log_user_id_c564eba6_fk_users_user_id` (`user_id`),
  CONSTRAINT `django_admin_log_content_type_id_c4bce8eb_fk_django_co` FOREIGN KEY (`content_type_id`) REFERENCES `django_content_type` (`id`),
  CONSTRAINT `django_admin_log_user_id_c564eba6_fk_users_user_id` FOREIGN KEY (`user_id`) REFERENCES `users_user` (`id`),
  CONSTRAINT `django_admin_log_chk_1` CHECK ((`action_flag` >= 0))
) ENGINE=InnoDB DEFAULT CHARSET=utf8mb4 COLLATE=utf8mb4_0900_ai_ci;
/*!40101 SET character_set_client = @saved_cs_client */;

--
-- Dumping data for table `django_admin_log`
--

LOCK TABLES `django_admin_log` WRITE;
/*!40000 ALTER TABLE `django_admin_log` DISABLE KEYS */;
/*!40000 ALTER TABLE `django_admin_log` ENABLE KEYS */;
UNLOCK TABLES;

--
-- Table structure for table `django_content_type`
--

DROP TABLE IF EXISTS `django_content_type`;
/*!40101 SET @saved_cs_client     = @@character_set_client */;
/*!50503 SET character_set_client = utf8mb4 */;
CREATE TABLE `django_content_type` (
  `id` int NOT NULL AUTO_INCREMENT,
  `app_label` varchar(100) NOT NULL,
  `model` varchar(100) NOT NULL,
  PRIMARY KEY (`id`),
  UNIQUE KEY `django_content_type_app_label_model_76bd3d3b_uniq` (`app_label`,`model`)
) ENGINE=InnoDB AUTO_INCREMENT=9 DEFAULT CHARSET=utf8mb4 COLLATE=utf8mb4_0900_ai_ci;
/*!40101 SET character_set_client = @saved_cs_client */;

--
-- Dumping data for table `django_content_type`
--

LOCK TABLES `django_content_type` WRITE;
/*!40000 ALTER TABLE `django_content_type` DISABLE KEYS */;
INSERT INTO `django_content_type` VALUES (1,'admin','logentry'),(3,'auth','group'),(2,'auth','permission'),(4,'contenttypes','contenttype'),(8,'requerimientos','detallerequerimiento'),(7,'requerimientos','requerimiento'),(5,'sessions','session'),(6,'users','user');
/*!40000 ALTER TABLE `django_content_type` ENABLE KEYS */;
UNLOCK TABLES;

--
-- Table structure for table `django_migrations`
--

DROP TABLE IF EXISTS `django_migrations`;
/*!40101 SET @saved_cs_client     = @@character_set_client */;
/*!50503 SET character_set_client = utf8mb4 */;
CREATE TABLE `django_migrations` (
  `id` bigint NOT NULL AUTO_INCREMENT,
  `app` varchar(255) NOT NULL,
  `name` varchar(255) NOT NULL,
  `applied` datetime(6) NOT NULL,
  PRIMARY KEY (`id`)
) ENGINE=InnoDB AUTO_INCREMENT=21 DEFAULT CHARSET=utf8mb4 COLLATE=utf8mb4_0900_ai_ci;
/*!40101 SET character_set_client = @saved_cs_client */;

--
-- Dumping data for table `django_migrations`
--

LOCK TABLES `django_migrations` WRITE;
/*!40000 ALTER TABLE `django_migrations` DISABLE KEYS */;
INSERT INTO `django_migrations` VALUES (1,'contenttypes','0001_initial','2024-10-25 15:13:54.174909'),(2,'contenttypes','0002_remove_content_type_name','2024-10-25 15:13:54.242431'),(3,'auth','0001_initial','2024-10-25 15:13:54.438823'),(4,'auth','0002_alter_permission_name_max_length','2024-10-25 15:13:54.488719'),(5,'auth','0003_alter_user_email_max_length','2024-10-25 15:13:54.493148'),(6,'auth','0004_alter_user_username_opts','2024-10-25 15:13:54.498378'),(7,'auth','0005_alter_user_last_login_null','2024-10-25 15:13:54.506656'),(8,'auth','0006_require_contenttypes_0002','2024-10-25 15:13:54.509020'),(9,'auth','0007_alter_validators_add_error_messages','2024-10-25 15:13:54.514193'),(10,'auth','0008_alter_user_username_max_length','2024-10-25 15:13:54.522533'),(11,'auth','0009_alter_user_last_name_max_length','2024-10-25 15:13:54.527883'),(12,'auth','0010_alter_group_name_max_length','2024-10-25 15:13:54.545673'),(13,'auth','0011_update_proxy_permissions','2024-10-25 15:13:54.553313'),(14,'auth','0012_alter_user_first_name_max_length','2024-10-25 15:13:54.560624'),(15,'users','0001_initial','2024-10-25 15:13:54.761898'),(16,'admin','0001_initial','2024-10-25 15:13:54.863263'),(17,'admin','0002_logentry_remove_auto_add','2024-10-25 15:13:54.869864'),(18,'admin','0003_logentry_add_action_flag_choices','2024-10-25 15:13:54.876509'),(19,'sessions','0001_initial','2024-10-25 15:13:54.908860'),(20,'requerimientos','0001_initial','2024-10-25 15:15:57.016789');
/*!40000 ALTER TABLE `django_migrations` ENABLE KEYS */;
UNLOCK TABLES;

--
-- Table structure for table `django_session`
--

DROP TABLE IF EXISTS `django_session`;
/*!40101 SET @saved_cs_client     = @@character_set_client */;
/*!50503 SET character_set_client = utf8mb4 */;
CREATE TABLE `django_session` (
  `session_key` varchar(40) NOT NULL,
  `session_data` longtext NOT NULL,
  `expire_date` datetime(6) NOT NULL,
  PRIMARY KEY (`session_key`),
  KEY `django_session_expire_date_a5c62663` (`expire_date`)
) ENGINE=InnoDB DEFAULT CHARSET=utf8mb4 COLLATE=utf8mb4_0900_ai_ci;
/*!40101 SET character_set_client = @saved_cs_client */;

--
-- Dumping data for table `django_session`
--

LOCK TABLES `django_session` WRITE;
/*!40000 ALTER TABLE `django_session` DISABLE KEYS */;
INSERT INTO `django_session` VALUES ('008hwyjbuuuz8hzs1n452fwt1j3xo22j','.eJxVjEEOwiAQRe_C2hCmrTC4dO8ZyAwMUjU0Ke3KeHfbpAvdvvf-f6tA61LC2mQOY1IXBYM6_UKm-JS6m_Sgep90nOoyj6z3RB-26duU5HU92r-DQq1sayuOs3UesMuIxNB7cGItnQlTb5LlwWUnzor3kTJyl41hgQSRN4zq8wUK_TiH:1umass:tCGq849Nr4oixZREm9A00DEVB1Kp8xfJv-4RWwI8-z8','2025-08-14 16:42:58.560971'),('0400vjog3la6iv09fn545ynih2hki0wd','.eJxVjEEOwiAQRe_C2pAyDG3HpXvPQGAGpGpoUtqV8e7apAvd_vfefykftrX4raXFT6LOqrfq9DvGwI9UdyL3UG-z5rmuyxT1ruiDNn2dJT0vh_t3UEIr37ojQgvA4yAMvWNIGBFhJCOZeLBGiHI02TmJbGPosiXMSC5AYklGvT_39ThG:1urfGZ:xUdWF_MazTvs1NxwaYukEkTmPLO6hU2GrL6nTneh3C0','2025-08-28 16:24:23.893546'),('0doytsrx8r62fnm8rfj410fep9qbb521','.eJxVjDsOwjAQBe_iGlms_6Gk5wzRrr3GAWRLcVIh7o4spYD2zcx7ixn3rcx753VekrgImMTpdySMT66DpAfWe5Ox1W1dSA5FHrTLW0v8uh7u30HBXkad2ClgiF5Dzso7sBOFQFk7VhTJgmdCnSGAyRZUYkM5KDwnMOzQis8XHQI4jw:1uriTV:mlUxYnY2XkHWPeLT8LUdX5bMFkC2Okklpn1skcJRRg0','2025-08-28 19:49:57.240470'),('0erohao526essnk7515nqpj8y3vhiado','.eJxVjDsOwjAQBe_iGlms_6Gk5wzRrr3GAWRLcVIh7o4spYD2zcx7ixn3rcx753VekrgImMTpdySMT66DpAfWe5Ox1W1dSA5FHrTLW0v8uh7u30HBXkad2ClgiF5Dzso7sBOFQFk7VhTJgmdCnSGAyRZUYkM5KDwnMOzQis8XHQI4jw:1urIJQ:DetZaZ9WZLNEsx1rpZofv6Te3du6PoBKKbzLBdzHERY','2025-08-27 15:53:48.666407'),('0gycx2le89lsn3xjdtzsgfug2o4a89hi','.eJxVjMsOwiAQRf-FtSEDQ4W6dN9vIDM8pGogKe3K-O_apAvd3nPOfQlP21r81tPi5yguQonT78YUHqnuIN6p3poMra7LzHJX5EG7nFpMz-vh_h0U6uVb66SssYPjMzsGjDCyymAshxyRkUY3gDUmAwIagqgdUgCVmAwGq5N4fwDPhTeA:1ula41:0Vb74Dt5Ml3KBw0FcBqE3Q_pCsLDVdXBDD7AA6MYN2s','2025-08-11 21:38:17.525469'),('0io3c1yble0idobey8wnoj2fhbjx2jon','.eJxVjEEOwiAQRe_C2pBhgFJcuu8ZyDCgVA0kpV0Z765NutDtf-_9lwi0rSVsPS9hTuIsnBGn3zESP3LdSbpTvTXJra7LHOWuyIN2ObWUn5fD_Tso1Mu31l5lY6JCzqRAjckQOPDKZfTpOhAxYoRogXGwpB2bOBJ6BLaarGfx_gD7Bjez:1upBe8:7__KTkrJ9EF-tZ7RS3YzSDBxlf69hTPuDCDJ6148pCM','2025-08-21 20:22:28.122914'),('0oyicnopj0st05zhk3w8o70b3szxv1xi','.eJxVjDsOwjAQBe_iGln-rm1Kes5g7fqDA8iR4qRC3B0ipYD2zcx7sYjb2uI2yhKnzM5MGXb6HQnTo_Sd5Dv228zT3NdlIr4r_KCDX-dcnpfD_TtoONq3Nll6ETJhsNoL4QCdAue0rrq4hMlKEiqBsAI0EHhtVA6BsNYqJYFj7w_iaTdF:1umJ5t:_SR9BC_mCEANvqHaQk7jfU9IOVatcFVzfZ1HLcMh-tY','2025-08-13 21:43:13.273842'),('0qwx99yf2kusk0hpiqyu3zs5gw47qef1','.eJxVjDsOwjAQBe_iGllO1r-lpOcM1npt4wBypDipEHeHSCmgfTPzXiLQttaw9byEKYmzsKM4_Y6R-JHbTtKd2m2WPLd1maLcFXnQLq9zys_L4f4dVOr1W_viwVlGp8BoMCZSjh6pIHpNzicPZUCbCItjBU6T4iHbaK2DkcmgeH8A9ew3ow:1utAdb:DEOBiZEWbiulvuWRC0V8CA7Tt4Bem5YpmAWYeCzKPpk','2025-09-01 20:06:23.885470'),('0scgfrgdlj2ptns73w3ixq7ov88u7zom','.eJxVjDsOwjAQBe_iGlms_6Gk5wzRrr3GAWRLcVIh7o4spYD2zcx7ixn3rcx753VekrgImMTpdySMT66DpAfWe5Ox1W1dSA5FHrTLW0v8uh7u30HBXkad2ClgiF5Dzso7sBOFQFk7VhTJgmdCnSGAyRZUYkM5KDwnMOzQis8XHQI4jw:1up70m:zX4Cn1s6mI6Ckq6jjljuyncIvK-F-oNUGHp0rpXztbo','2025-08-21 15:25:32.961403'),('0t3s8shats12y673orcta6my33eu3h59','.eJxVjEsOwjAMBe-SNYqcyGltluw5Q-Q0Di2gROpnhbg7VOoCtm9m3stE2dYxbovOccrmbHwwp98xyfDQupN8l3prdmh1nadkd8UedLHXlvV5Ody_g1GW8VsTMxTqAqOSQyHoAFISYK_qsEAQJHQIOkAPpSf2Ap1Hzj7nQo7N-wPaPDbv:1uqaXN:juIgeAQ9fQmrZ48Y53DyBhNhpIGhYsRY_KTuxOzZIRo','2025-08-25 17:09:17.989587'),('14k9je474qf8f23ivs82f9ruzwcz1czl','.eJxVjEEOwiAQRe_C2hAYoFCX7j0DYYZBqoYmpV0Z765NutDtf-_9l4hpW2vcOi9xyuIsvBan3xETPbjtJN9Tu82S5rYuE8pdkQft8jpnfl4O9--gpl6_NQIzGY2KHQ7KYTAQrFE8estFW7QjqiEkRu9zAEUKCKAgOCjFEAXx_gAKSDgm:1un2NN:84mr9LdtdpQ2Ew3RLdFFDeD-1xuovkzpItAj6GFuNtU','2025-08-15 22:04:17.398433'),('1lc5i38sfhv42xgnot99mrft2lff0n9l','.eJxVjDsOwjAQBe_iGllO1r-lpOcM1npt4wBypDipEHeHSCmgfTPzXiLQttaw9byEKYmzsKM4_Y6R-JHbTtKd2m2WPLd1maLcFXnQLq9zys_L4f4dVOr1W_viwVlGp8BoMCZSjh6pIHpNzicPZUCbCItjBU6T4iHbaK2DkcmgeH8A9ew3ow:1us5Qv:Zieeo1lRHmWbRGxQCXXNBef4BQgUR6JhhubtsV2s8-I','2025-08-29 20:20:49.688207'),('1m825c1181eu5mvqqxe7vsl39qvqctjw','.eJxVjDsOwjAQBe_iGllO1r-lpOcM1npt4wBypDipEHeHSCmgfTPzXiLQttaw9byEKYmzsKM4_Y6R-JHbTtKd2m2WPLd1maLcFXnQLq9zys_L4f4dVOr1W_viwVlGp8BoMCZSjh6pIHpNzicPZUCbCItjBU6T4iHbaK2DkcmgeH8A9ew3ow:1umacx:Olc6L9b8RbzyvIjOQ3AgnqtT3LyhBhUiee5Gr6aC3lk','2025-08-14 16:26:31.415645'),('20yw7vfcfrkfhvlgf4l1u3cxsqs87gty','.eJxVjEEOwiAQRe_C2pCWgaF16d4zEGYYpGpoUtqV8e7apAvd_vfef6kQt7WErckSpqTOyhl1-h0p8kPqTtI91tusea7rMpHeFX3Qpq9zkuflcP8OSmzlW4PvsHfJM3dWZKDojICwJ9uD5AxIAn4YAY2ITT7zSEBsEDMKOWD1_gAYGTjT:1ure3D:nwaGw8n_kLh9KxunhGDidaO4RCfTFNV1Av4G0ZmeWM8','2025-08-28 15:06:31.534857'),('21bqa0uruqvmuh8dd942wpapnfg2w263','.eJxVjEEKwyAQAP_iuYhGF7XH3vsGWbNrTVsUYnIK_XsRcmivM8McIuK-lbh3XuNC4iqsEZdfmHB-cR2GnlgfTc6tbuuS5Ejkabu8N-L37Wz_BgV7GV835WySJ0saWWEAo7MHTSo75cmEzGDBZAhqUppZgdXGeYc-eZtsEJ8v_us3Ug:1upRaB:QFObGxchvCzX-XgBZE5AJ0xlqivDZ2Cm9pbd3Iyadsc','2025-08-22 13:23:27.688347'),('24l5393k53pjudindsxgn7qjjc8bhysi','.eJxVjDsOwjAQBe_iGllO1r-lpOcM1npt4wBypDipEHeHSCmgfTPzXiLQttaw9byEKYmzsKM4_Y6R-JHbTtKd2m2WPLd1maLcFXnQLq9zys_L4f4dVOr1W_viwVlGp8BoMCZSjh6pIHpNzicPZUCbCItjBU6T4iHbaK2DkcmgeH8A9ew3ow:1us1cD:qT6vavm31T0_fQEEcFPo-VM_BTUenJLYOHbQmUtmM2Q','2025-08-29 16:16:13.438792'),('26t0f2rt42ns8jpjvxn5afveg48kv3hw','.eJxVjDsOwjAQBe_iGllO1r-lpOcM1npt4wBypDipEHeHSCmgfTPzXiLQttaw9byEKYmzsKM4_Y6R-JHbTtKd2m2WPLd1maLcFXnQLq9zys_L4f4dVOr1W_viwVlGp8BoMCZSjh6pIHpNzicPZUCbCItjBU6T4iHbaK2DkcmgeH8A9ew3ow:1urHW1:gmTE9ktVDyUeAC2P5-f8q7qFyLYHFZnuF8bYpYgG-K8','2025-08-27 15:02:45.918348'),('2k0f7kj4zc5rpdolro0ffm79jr0t0jyh','.eJxVjEEOwiAQRe_C2hCmrTC4dO8ZyAwMUjU0Ke3KeHfbpAvdvvf-f6tA61LC2mQOY1IXBYM6_UKm-JS6m_Sgep90nOoyj6z3RB-26duU5HU92r-DQq1sayuOs3UesMuIxNB7cGItnQlTb5LlwWUnzor3kTJyl41hgQSRN4zq8wUK_TiH:1umdeB:bkWBwBuTqDVGvbEpTILF_6LMZLYmMcr67lgrzT_E8TU','2025-08-14 19:39:59.176430'),('2pe6s9ygmqdav00vh0v9pqyjtyodm1rh','.eJxVjEEKwyAQAP_iuYhGF7XH3vsGWbNrTVsUYnIK_XsRcmivM8McIuK-lbh3XuNC4iqsEZdfmHB-cR2GnlgfTc6tbuuS5Ejkabu8N-L37Wz_BgV7GV835WySJ0saWWEAo7MHTSo75cmEzGDBZAhqUppZgdXGeYc-eZtsEJ8v_us3Ug:1uophl:k52fzCGTTvHwCzU6JO6--4k5PLYwJBx7LdujcAtMVQQ','2025-08-20 20:56:45.271084'),('34g6stzws1y90t7h7zdilv6r1tbmgivw','.eJxVjDsOwyAQRO9CHSE-wrAp0-cM1sIuwUkEkrErK3ePLblIqpHmvZlNjLguZVw7z-NE4iq0E5ffMmJ6cT0IPbE-mkytLvMU5aHIk3Z5b8Tv2-n-HRTsZV8rh5gYUFtyPgQLTB6scZEZgazOKYJSQ9SK9jQBzJC9YoisMuyO-HwBES04bQ:1urfFX:BVNch9P99JoQ-Trtx4FDRjRbQVnltjk9a5jrPhHRN1Q','2025-08-28 16:23:19.170009'),('3536zxuy32ynkob4fr61mm5kd5qel17i','.eJxVjDsOwjAQBe_iGllO1r-lpOcM1npt4wBypDipEHeHSCmgfTPzXiLQttaw9byEKYmzsKM4_Y6R-JHbTtKd2m2WPLd1maLcFXnQLq9zys_L4f4dVOr1W_viwVlGp8BoMCZSjh6pIHpNzicPZUCbCItjBU6T4iHbaK2DkcmgeH8A9ew3ow:1urypY:WYopUYFPtcG6XzTNvu9QHqu7l_VsSLlgORvaKLKsZoI','2025-08-29 13:17:48.452828'),('3arigne5oim27tl5uv2n4ei17vqs02i0','.eJxVjDsOwjAQBe_iGlmOvf6Ekj5nsHb9wQFkS3FSIe5OIqWAdmbeezOP21r81tPi58iuzGp2-YWE4ZnqYeID673x0Oq6zMSPhJ-286nF9Lqd7d9BwV72tREKJQ0otCTrcqAMgxqzUeRASq0zZCIZchKkRAQNIKwVzu0sahgN-3wBAjg3nA:1upYjg:Xovq53gs7XsWTbitOKZk0oIlkfLYba5BCUPmPf7ovPU','2025-08-22 21:01:44.195480'),('3poljz2kvi8x91xxusl0kv1wapbe5ko6','.eJxVjEsOwjAMBe-SNYqcyGltluw5Q-Q0Di2gROpnhbg7VOoCtm9m3stE2dYxbovOccrmbHwwp98xyfDQupN8l3prdmh1nadkd8UedLHXlvV5Ody_g1GW8VsTMxTqAqOSQyHoAFISYK_qsEAQJHQIOkAPpSf2Ap1Hzj7nQo7N-wPaPDbv:1uquvZ:9zbcordRqM68IbqvTx5fcnAVNf7ZSmgvUGjKL3f2Ba0','2025-08-26 14:55:37.173267'),('3pz04qmgwl5r6lohoxpee0o65qp12vuo','.eJxVjDsOwjAQBe_iGllO1r-lpOcM1npt4wBypDipEHeHSCmgfTPzXiLQttaw9byEKYmzsKM4_Y6R-JHbTtKd2m2WPLd1maLcFXnQLq9zys_L4f4dVOr1W_viwVlGp8BoMCZSjh6pIHpNzicPZUCbCItjBU6T4iHbaK2DkcmgeH8A9ew3ow:1uqz9G:SSXHjm_0dn3px1EGzG97GP73CcRTsNFjH0gkW8hxkz0','2025-08-26 19:26:02.956468'),('3qcf114yrsg02mjtq0ct02c0iufnvarp','.eJxVjMsOwiAQRf-FtSG8GVy69xvIMIBUDU1KuzL-uzbpQrf3nHNfLOK2triNssQpszPTnp1-x4T0KH0n-Y79NnOa-7pMie8KP-jg1zmX5-Vw_w4ajvatpdLGe6gq-CAgFG8tgVTOUICqq3eojSlCgoVgKlF1FW02mAitFaDZ-wPTLDdC:1uqdCA:e4uIKIrwCJc1ftKJGIx0N9prhlmfW6LcMMKIFrl72Go','2025-08-25 19:59:34.935545'),('3v00yaqznv9vzdn9pihjeycer57juwr8','.eJxVjDkOwjAUBe_iGln5cbxR0nMG6y82DqBEipMKcXeIlALaNzPvpRJua01by0saRZ2VBXX6HQn5kaedyB2n26x5ntZlJL0r-qBNX2fJz8vh_h1UbPVbFxKwSBIi94KItjCYznQ0-H4owVkyMXDhLgQHQOiHmB0E9Bx978Go9wcnKjgG:1upRIk:IhYw0qWJDHx3sXuEMmjzyY-9GdwWsZ3A4E5BFMSxASw','2025-08-22 13:05:26.447955'),('44s011wttkbq15cj5jdm4l7ap3cs044b','.eJxVjMsOwiAQRf-FtSG8GVy69xvIMIBUDU1KuzL-uzbpQrf3nHNfLOK2triNssQpszPTnp1-x4T0KH0n-Y79NnOa-7pMie8KP-jg1zmX5-Vw_w4ajvatpdLGe6gq-CAgFG8tgVTOUICqq3eojSlCgoVgKlF1FW02mAitFaDZ-wPTLDdC:1upZs9:L_xKCQH3_zpDmqQme7gDv2KkkFLtq65Q2V2_fCJQrOo','2025-08-22 22:14:33.854486'),('46p9dj4ptbbz0a0hnezdgehqw7njf7kk','.eJxVjDsOwjAQBe_iGllO1r-lpOcM1npt4wBypDipEHeHSCmgfTPzXiLQttaw9byEKYmzsKM4_Y6R-JHbTtKd2m2WPLd1maLcFXnQLq9zys_L4f4dVOr1W_viwVlGp8BoMCZSjh6pIHpNzicPZUCbCItjBU6T4iHbaK2DkcmgeH8A9ew3ow:1uqZgG:4TFtlUpagtTS-OaczyMLj5EDJRs_RghPvPfph4WIZw0','2025-08-25 16:14:24.641242'),('48tlv6tpdqzlckkqzwjtid96dy6wsqny','.eJxVjDsOwjAQBe_iGllO1r-lpOcM1npt4wBypDipEHeHSCmgfTPzXiLQttaw9byEKYmzsKM4_Y6R-JHbTtKd2m2WPLd1maLcFXnQLq9zys_L4f4dVOr1W_viwVlGp8BoMCZSjh6pIHpNzicPZUCbCItjBU6T4iHbaK2DkcmgeH8A9ew3ow:1ut4IR:gGHSu9cOS0S5Lkd42o6Zjr-ujNs-2rNwYgcBil6XDM4','2025-09-01 13:20:07.464133'),('4pxh5m5wr4bts1mtxw48v7rrl3x3p1wx','.eJxVjLsOwjAMAP8lM4pa50UZ2fmGyE5sUkCN1LQT4t9RpA6w3p3urSLuW4l74zXOWV3UGNTpFxKmJy_d5Acu96pTXbZ1Jt0TfdimbzXz63q0f4OCrfSvRXJytiYbRyg8TEBskjeQgwnkaRIBCwI-U0oMgWUafQC0FgZxRn2-Hqo4ZA:1umZwM:-QOBKT2IycpDffCwxmZL2IHLN_MgvZdoR7uxljMLerw','2025-08-14 15:42:30.008479'),('4rcya72xcl63sqxwvv0jicsmq9ej2bkb','.eJxVjE0OwiAYBe_C2hAoAsWl-56BwPcjVQNJaVfGu2uTLnT7Zua9REzbWuLWaYkzioswXpx-x5zgQXUneE_11iS0ui5zlrsiD9rl1JCe18P9Oyipl28NyijWVjNTQCbnAZF5CAjJ8hi8x8DjmVQYUGWXDVsgBS4zem0zGvH-AEM0OaE:1uoks9:nRx3w3864g-JR-uLfZrERvPjGeCtceRr2cCIzkGsjn8','2025-08-20 15:47:09.539714'),('51hwbs7b5n08h8cgaw0aia7itlj0z6kv','.eJxVjDsOwjAQBe_iGlms_6Gk5wzRrr3GAWRLcVIh7o4spYD2zcx7ixn3rcx753VekrgImMTpdySMT66DpAfWe5Ox1W1dSA5FHrTLW0v8uh7u30HBXkad2ClgiF5Dzso7sBOFQFk7VhTJgmdCnSGAyRZUYkM5KDwnMOzQis8XHQI4jw:1upUZO:to4siBjExQkWtVsDN8kOiAWR7ra99VK90qocmpOyE6Q','2025-08-22 16:34:50.156104'),('589zw98zi2oojtfacny50sxvfu6nqfwx','.eJxVjMsOwiAQRf-FtSE8WoZx6d5vIMwAUjU0Ke3K-O_apAvd3nPOfYkQt7WGreclTEmcBVhx-h0p8iO3naR7bLdZ8tzWZSK5K_KgXV7nlJ-Xw_07qLHXb220YUcjW82QHBAADxZ0GbVmpQoiYXS-GEIPiSwjFRy8seCUZXBavD_3yDdb:1uqwPs:q6ksPNm4k6MLag5UBuARq4_SlOMK5fJUws1yOq9WOEA','2025-08-26 16:31:00.197230'),('5bu8zllalstfmrk5r4fwvrrxtc5m4xcf','.eJxVjEEOwiAQRe_C2hCBDrQu3fcMZGYAqRpISrsy3l1JutDte-__l_C4b9nvLa5-CeIirBanX0jIj1i6CXcstyq5lm1dSPZEHrbJuYb4vB7t30HGlr9rjA7IEgWwQZmkHEcyCsANY9I0oQUme-5cQ5x0lwYGJqUdp3Fw4v0BHcQ4Ng:1ujmRa:uVOYDwjvUtdEObNIVaWBUzzgLQx3r1wSUAsBqaTbKvg','2025-08-06 22:27:10.358407'),('5cx5uc9ab9yp9rzbdaztv8oux9wxy0s5','.eJxVjDsOwjAQBe_iGllO1r-lpOcM1npt4wBypDipEHeHSCmgfTPzXiLQttaw9byEKYmzsKM4_Y6R-JHbTtKd2m2WPLd1maLcFXnQLq9zys_L4f4dVOr1W_viwVlGp8BoMCZSjh6pIHpNzicPZUCbCItjBU6T4iHbaK2DkcmgeH8A9ew3ow:1uqZB0:itngDycLVYFIcPEsduyexy59nzFeLN-Zdqnipoh4Qrw','2025-08-25 15:42:06.105594'),('5j3jjvd1s4nmwq4nzyh9y0s4xu7spqfm','.eJxVjEsOwjAMBe-SNYpitwXCkn3PENmxTQoolfpZIe4OlbqA7ZuZ93KJ1qWkddYpDeIurkF3-B2Z8kPrRuRO9Tb6PNZlGthvit_p7PtR9Hnd3b-DQnP51tQqa0tnMWEh1U4RyI6R-RQicAyEEBG0MwZrBAIYmhFiGynkgO79AU7BOS8:1un1DM:iRBf9ONdjnn5L9X3LNu6ID-ozdGlih86GlNgfWlxvc4','2025-08-15 20:49:52.186371'),('5j9umi97x9mefz456so47faq6c2mu8qg','.eJxVjDkOwjAUBe_iGln-CV5CSZ8zWH-xcQA5UpxUiLtDpBTQvpl5LxVxW0vcWlriJOqiHKjT70jIj1R3Inest1nzXNdlIr0r-qBNj7Ok5_Vw_w4KtvKtvXTAGcknQpdhMMA98WAQnEhvPKTMnAX6ThwObAMzn72lDkKwBF69PzcQOOQ:1ut4bb:8RNaKyDf_N9C_gidtbghX9n4Z8GG1jouO8I1PKEnrsg','2025-09-01 13:39:55.043935'),('5orm4nmew1vjai5jrgkde3spn4opl8c2','.eJxVjDsOwjAQBe_iGllO1r-lpOcM1npt4wBypDipEHeHSCmgfTPzXiLQttaw9byEKYmzsKM4_Y6R-JHbTtKd2m2WPLd1maLcFXnQLq9zys_L4f4dVOr1W_viwVlGp8BoMCZSjh6pIHpNzicPZUCbCItjBU6T4iHbaK2DkcmgeH8A9ew3ow:1umxnz:Ja46hBwe7m6H__yPzBGHUIHkVozRt09v9t_qLz2jPJk','2025-08-15 17:11:27.871913'),('5rcs9b1yakqbhmud7chdejqkshmksco5','.eJxVjEEOwiAQRe_C2hCmrTC4dO8ZyAwMUjU0Ke3KeHfbpAvdvvf-f6tA61LC2mQOY1IXBYM6_UKm-JS6m_Sgep90nOoyj6z3RB-26duU5HU92r-DQq1sayuOs3UesMuIxNB7cGItnQlTb5LlwWUnzor3kTJyl41hgQSRN4zq8wUK_TiH:1umaT7:osSPMDCdBch8V_8whROA2-YBPEsAikFcwwgoJqd_Zu0','2025-08-14 16:16:21.399514'),('6lgpufwzxhxybo0f0dt0pqug5xfm0xwn','.eJxVjDsOwjAQBe_iGlms_6Gk5wzRrr3GAWRLcVIh7o4spYD2zcx7ixn3rcx753VekrgImMTpdySMT66DpAfWe5Ox1W1dSA5FHrTLW0v8uh7u30HBXkad2ClgiF5Dzso7sBOFQFk7VhTJgmdCnSGAyRZUYkM5KDwnMOzQis8XHQI4jw:1umZ5F:DHtqQVuULI87smOm_vY2pKFsr4IGP0uanSOIyiy65pI','2025-08-14 14:47:37.682705'),('6zqc0cqxvcsosabhh130fg9ulw41s2je','.eJxVjDsOwjAQBe_iGlms_6Gk5wzRrr3GAWRLcVIh7o4spYD2zcx7ixn3rcx753VekrgImMTpdySMT66DpAfWe5Ox1W1dSA5FHrTLW0v8uh7u30HBXkad2ClgiF5Dzso7sBOFQFk7VhTJgmdCnSGAyRZUYkM5KDwnMOzQis8XHQI4jw:1ur1D1:toDWPnK45gAyuFMw7MM_5_Z5jxr3gnD3Zv4zQ8dwJtY','2025-08-26 21:38:03.079629'),('72ofj8rtthn9vpnw6263wdk5802zaxcs','.eJxVjDsOwjAQBe_iGlmOvf6Ekj5nsHb9wQFkS3FSIe5OIqWAdmbeezOP21r81tPi58iuzGp2-YWE4ZnqYeID673x0Oq6zMSPhJ-286nF9Lqd7d9BwV72tREKJQ0otCTrcqAMgxqzUeRASq0zZCIZchKkRAQNIKwVzu0sahgN-3wBAjg3nA:1upXS4:MJnBXgwqzk-Z1gm574fp2O4RsiDR9wAMLp5UUYaEqIc','2025-08-22 19:39:28.883635'),('73f757deqodbatnwdfdenmxao8tm1c9a','.eJxVjE0OwiAYBe_C2hAoIODSvWcg3w-VqoGktCvj3W2TLnT7Zua9RYJ1KWnteU4Ti4swTpx-RwR65roTfkC9N0mtLvOEclfkQbu8Nc6v6-H-HRToZavRBdJhGBC8VYSkMoMJjJGNslkxxNF645GsIaBRaWXARZ3PAclvpfh8ASO7OK4:1us4Ag:AsaFMzeeqYktyoiVV6hQPLONX3kzaKppewhuVGo5BAE','2025-08-29 18:59:58.032873'),('7i1yio4smljyfbxf1qdo80z62ukeaump','.eJxVjDsOwjAQBe_iGlms_6Gk5wzRrr3GAWRLcVIh7o4spYD2zcx7ixn3rcx753VekrgImMTpdySMT66DpAfWe5Ox1W1dSA5FHrTLW0v8uh7u30HBXkad2ClgiF5Dzso7sBOFQFk7VhTJgmdCnSGAyRZUYkM5KDwnMOzQis8XHQI4jw:1urkvw:scR-Wy914M_SK-K0c8Grd121s_-IL-ZJWrIWnYEwVGY','2025-08-28 22:27:28.361401'),('7m0fm06vyonsa157zxdjghz6kitpk1dx','.eJxVjMsOwiAQRf-FtSEDQ4W6dN9vIDM8pGogKe3K-O_apAvd3nPOfQlP21r81tPi5yguQonT78YUHqnuIN6p3poMra7LzHJX5EG7nFpMz-vh_h0U6uVb66SssYPjMzsGjDCyymAshxyRkUY3gDUmAwIagqgdUgCVmAwGq5N4fwDPhTeA:1ujlYJ:uXfKhQvDNy62ANtBujZP0Yo_XJxXLIc6VOmqK37SoQc','2025-08-06 21:30:03.405772'),('7o67fwv5hekmyrtdc0nejybm35l3b7b0','.eJxVjDsOwjAQBe_iGllO1r-lpOcM1npt4wBypDipEHeHSCmgfTPzXiLQttaw9byEKYmzsKM4_Y6R-JHbTtKd2m2WPLd1maLcFXnQLq9zys_L4f4dVOr1W_viwVlGp8BoMCZSjh6pIHpNzicPZUCbCItjBU6T4iHbaK2DkcmgeH8A9ew3ow:1us7Mc:jqbn-IJJT61MhT7Y5DrRIYRmLG327vOSxxQrW8qFs0A','2025-08-29 22:24:30.431129'),('7p4i5wz8he5a4ytbpdqvzrtbwm50sfel','.eJxVjDsOwjAQBe_iGllO1r-lpOcM1npt4wBypDipEHeHSCmgfTPzXiLQttaw9byEKYmzsKM4_Y6R-JHbTtKd2m2WPLd1maLcFXnQLq9zys_L4f4dVOr1W_viwVlGp8BoMCZSjh6pIHpNzicPZUCbCItjBU6T4iHbaK2DkcmgeH8A9ew3ow:1umzzY:3e9KIByX7oUEZmSJ4l6kXiSmX7zrnlU7qCHlAybTnZA','2025-08-15 19:31:32.372924'),('7q3tyncfez3glu22n3rn65r7guavgb7v','.eJxVjMEOwiAQRP-FsyGwtIAevfsNZBcWqRqalPZk_Hdp0oMeZ96beYuA21rC1ngJUxIXoZU4_ZaE8cl1J-mB9T7LONd1mUjuijxok7c58et6uH8HBVvpa0fKMGYP7M4Wsso9ggVvB52TcUYbiCMZ7RP0RMoB226PA2XMmkB8vuwjN2Y:1umYXF:PpcssIaz_aIoWN1JxMwvcoGXUYxZojZYZgRp2HrU7c4','2025-08-14 14:12:29.352800'),('7s462ki9gc525pr4jk4we1jchqet26f6','.eJxVjMsOwiAQRf-FtSEDQ4W6dN9vIDM8pGogKe3K-O_apAvd3nPOfQlP21r81tPi5yguQonT78YUHqnuIN6p3poMra7LzHJX5EG7nFpMz-vh_h0U6uVb66SssYPjMzsGjDCyymAshxyRkUY3gDUmAwIagqgdUgCVmAwGq5N4fwDPhTeA:1uluy9:YJUiQ2PatPnjAaU6N9Edpn6bU0snDbBZW2NCshVwigw','2025-08-12 19:57:37.017995'),('7t65c98huj2nn95jkz215ocsa3w8vor8','.eJxVjDsOwyAQRO9CHSE-wrAp0-cM1sIuwUkEkrErK3ePLblIqpHmvZlNjLguZVw7z-NE4iq0E5ffMmJ6cT0IPbE-mkytLvMU5aHIk3Z5b8Tv2-n-HRTsZV8rh5gYUFtyPgQLTB6scZEZgazOKYJSQ9SK9jQBzJC9YoisMuyO-HwBES04bQ:1uriQ8:g3W0kI3KppWUgtYKpKM5Bvcc3L2kZrlgTC8hlCacoTY','2025-08-28 19:46:28.106718'),('82df3qn21o9lzz7tgfe5jvy5krmdmrf3','.eJxVjEEKwyAQAP_iuYhGF7XH3vsGWbNrTVsUYnIK_XsRcmivM8McIuK-lbh3XuNC4iqsEZdfmHB-cR2GnlgfTc6tbuuS5Ejkabu8N-L37Wz_BgV7GV835WySJ0saWWEAo7MHTSo75cmEzGDBZAhqUppZgdXGeYc-eZtsEJ8v_us3Ug:1uolwe:biCGu8fU4qNh7BsIUYX8RqlCI8GkSdzk9qNq-MjGL6g','2025-08-20 16:55:52.054371'),('8c3gtavdjqg7tdu5lpswvotb7sqgvb89','.eJxVjDsOgzAQRO_iOrJsrz84ZXrOYHm960ASgYShinL3gESRSFPNezNvkfK2DmlrvKSRxFWYKC6_Jeby5Okg9MjTfZZlntZlRHko8qRN9jPx63a6fwdDbsO-LoG6osGw1Vp5H8lSYEWAUENBNMH5qiGaPa7DqCs6Mg606phtBCU-X_tcN0w:1un2Ef:019TcBSdU0O-5Y9P6r-hfF8wBqFu7X-QeJv6Uwm6xkY','2025-08-15 21:55:17.716208'),('8ckqqed95m0qex0u8zfbsehk00eh92ly','.eJxVjDsOwjAQBe_iGllO1r-lpOcM1npt4wBypDipEHeHSCmgfTPzXiLQttaw9byEKYmzsKM4_Y6R-JHbTtKd2m2WPLd1maLcFXnQLq9zys_L4f4dVOr1W_viwVlGp8BoMCZSjh6pIHpNzicPZUCbCItjBU6T4iHbaK2DkcmgeH8A9ew3ow:1us2VO:WKNZuRjr8qGjnmYr1l1d2F36vi97p_gNcTX0Gun_vvI','2025-08-29 17:13:14.589216'),('8hmobbusrfstkl05n0emujytlxadg9uu','.eJxVjDsOwjAQBe_iGlms_6Gk5wzRrr3GAWRLcVIh7o4spYD2zcx7ixn3rcx753VekrgImMTpdySMT66DpAfWe5Ox1W1dSA5FHrTLW0v8uh7u30HBXkad2ClgiF5Dzso7sBOFQFk7VhTJgmdCnSGAyRZUYkM5KDwnMOzQis8XHQI4jw:1uqcpE:ijB4ZsQlxPEm7Nyr8x-OxC37QEt0TIdubu2CChYrzb8','2025-08-25 19:35:52.889256'),('8j7lgi115x5yh260kqlarr4szh7aq5ya','.eJxVjEEOgjAQRe_StWkYplDq0r1nINOZqaCmTSisjHdXEha6_e-9_zIjbes0blWXcRZzNh2a0-8YiR-adyJ3yrdiueR1maPdFXvQaq9F9Hk53L-Dier0rTkFkL4BZUDvAoQETWToFX1Eh-SGtk8cPCdNXuIg0EEi9OqkaYGieX8ACWk4YA:1uqcM2:7iU1z4B9Srb_ECqBs2kwj2gROXvkOv-ywJXGSKhrybY','2025-08-25 19:05:42.177568'),('9118mck5oob1j2zxrwbccx0jigljcorf','.eJxVjMsOwiAQRf-FtSFMy0Ncuu83kBkGpGogKe3K-O_apAvd3nPOfYmA21rC1tMSZhYXMYrT70YYH6nugO9Yb03GVtdlJrkr8qBdTo3T83q4fwcFe_nW1mjMEc4qDaiIWAMYb8mppLNhS0guZ4ZRWVDaOSIf1ZA5AqD3MbN4fwDu7jh8:1upBBK:gKZWzxEKbUz5riMJy42KaV1BUFiQ3uUC9mqMmcCby74','2025-08-21 19:52:42.718274'),('9dg0apvbef9w445zzgl9y4s6eww7b4m7','.eJxVjDsOwjAQBe_iGlms_6Gk5wzRrr3GAWRLcVIh7o4spYD2zcx7ixn3rcx753VekrgImMTpdySMT66DpAfWe5Ox1W1dSA5FHrTLW0v8uh7u30HBXkad2ClgiF5Dzso7sBOFQFk7VhTJgmdCnSGAyRZUYkM5KDwnMOzQis8XHQI4jw:1umJUz:3CEjZ2rfhg1Gy77Un_Lu5vLsXOwJfOGXeeX61FJLRcg','2025-08-13 22:09:09.901282'),('9et72cp7hcqj46592mv9a5stclj04im2','.eJxVjDsOwjAQBe_iGllO1r-lpOcM1npt4wBypDipEHeHSCmgfTPzXiLQttaw9byEKYmzsKM4_Y6R-JHbTtKd2m2WPLd1maLcFXnQLq9zys_L4f4dVOr1W_viwVlGp8BoMCZSjh6pIHpNzicPZUCbCItjBU6T4iHbaK2DkcmgeH8A9ew3ow:1umdnI:xei2oYGqGL8es1mU4OYI5RjzaVFCwHCA4tC5ihvn3Fc','2025-08-14 19:49:24.037779'),('9g03306nukixr3ymrqwxksz17z4qxbie','.eJxVjDsOwjAQBe_iGlms_6Gk5wzRrr3GAWRLcVIh7o4spYD2zcx7ixn3rcx753VekrgImMTpdySMT66DpAfWe5Ox1W1dSA5FHrTLW0v8uh7u30HBXkad2ClgiF5Dzso7sBOFQFk7VhTJgmdCnSGAyRZUYkM5KDwnMOzQis8XHQI4jw:1umaQo:OxaKdMI9QJ0fUrWw_Qnn06583AeZAL1ok-SF5U3loJI','2025-08-14 16:13:58.617434'),('9ip19oy42rjnctwmzhrilf985cn3wv7t','.eJxVjDsOwjAQBe_iGlms_6Gk5wzRrr3GAWRLcVIh7o4spYD2zcx7ixn3rcx753VekrgImMTpdySMT66DpAfWe5Ox1W1dSA5FHrTLW0v8uh7u30HBXkad2ClgiF5Dzso7sBOFQFk7VhTJgmdCnSGAyRZUYkM5KDwnMOzQis8XHQI4jw:1urLIs:dMc1QNFpDoB0J4QbFjiCHgScPu5zwpli1eBE8HM5BcM','2025-08-27 19:05:26.766335'),('9vzfs8r6mi8bzj6t88m2fvhf53de94zx','.eJxVjDsOwjAQBe_iGllO1r-lpOcM1npt4wBypDipEHeHSCmgfTPzXiLQttaw9byEKYmzsKM4_Y6R-JHbTtKd2m2WPLd1maLcFXnQLq9zys_L4f4dVOr1W_viwVlGp8BoMCZSjh6pIHpNzicPZUCbCItjBU6T4iHbaK2DkcmgeH8A9ew3ow:1upBtT:qeN6l8AiFJvQSXYStQVDJud6-85JR5_dDTycCCvJaVk','2025-08-21 20:38:19.729140'),('a0sxeefg2ysa5pskrvzzdoig1fpghbsb','.eJxVjEEOwiAQRe_C2hAYQKhL9z0DmWFAqoYmpV0Z765NutDtf-_9l4i4rTVuPS9xYnERWpx-N8L0yG0HfMd2m2Wa27pMJHdFHrTLceb8vB7u30HFXr-1Cinls2FDGpRPFoALgidtzZA1YAikCrDDQRkOSYMlR0GjsiU7H0C8P9xdN4U:1tDVAT:zTDoWyIvTTZEf_tHXeiZkDoUk2zF0d4katU4hDAjQQc','2024-11-19 20:59:49.302112'),('a3q704r0yir47sx6nwoukmg4qhxauiim','.eJxVjDsOwjAQBe_iGllO1r-lpOcM1npt4wBypDipEHeHSCmgfTPzXiLQttaw9byEKYmzsKM4_Y6R-JHbTtKd2m2WPLd1maLcFXnQLq9zys_L4f4dVOr1W_viwVlGp8BoMCZSjh6pIHpNzicPZUCbCItjBU6T4iHbaK2DkcmgeH8A9ew3ow:1us5Nz:jGES7OfbrhDjbMUUHojbV4G8A61hBFhw-f7rqVhdZTs','2025-08-29 20:17:47.124072'),('aaorl1thooxk94r4mq99f4onw813c2dx','.eJxVjEEOwiAQRe_C2pBhgFJcuu8ZyDCgVA0kpV0Z765NutDtf-_9lwi0rSVsPS9hTuIsnBGn3zESP3LdSbpTvTXJra7LHOWuyIN2ObWUn5fD_Tso1Mu31l5lY6JCzqRAjckQOPDKZfTpOhAxYoRogXGwpB2bOBJ6BLaarGfx_gD7Bjez:1ut6s4:H2SRSnfG7efpHlw5nob1_RmBIOOxFOZn0yq6c09r_uA','2025-09-01 16:05:04.441250'),('ac4s61svff8a6xujz0x4fgfe9cd8hxc5','.eJxVjDsOwjAQBe_iGllO1r-lpOcM1npt4wBypDipEHeHSCmgfTPzXiLQttaw9byEKYmzsKM4_Y6R-JHbTtKd2m2WPLd1maLcFXnQLq9zys_L4f4dVOr1W_viwVlGp8BoMCZSjh6pIHpNzicPZUCbCItjBU6T4iHbaK2DkcmgeH8A9ew3ow:1umxIS:HSCJ11A8m79bSl3OKtWnmdOeZwbB7b8KXHJKpNZKjio','2025-08-15 16:38:52.454693'),('aj2mzcuw91hbsc3h7k1zxtnhd1v1df6b','.eJxVjLsOwjAMAP8lM4pa50UZ2fmGyE5sUkCN1LQT4t9RpA6w3p3urSLuW4l74zXOWV3UGNTpFxKmJy_d5Acu96pTXbZ1Jt0TfdimbzXz63q0f4OCrfSvRXJytiYbRyg8TEBskjeQgwnkaRIBCwI-U0oMgWUafQC0FgZxRn2-Hqo4ZA:1uqe7E:n-Zxz2kb4DgnqLs6o5lRBkyNTReywpL2rXN0WtxYYq8','2025-08-25 20:58:32.213874'),('am05xcljqk899ojkcdnc3mcmscbvu043','.eJxVjDsOwyAQRO9CHSE-wrAp0-cM1sIuwUkEkrErK3ePLblIqpHmvZlNjLguZVw7z-NE4iq0E5ffMmJ6cT0IPbE-mkytLvMU5aHIk3Z5b8Tv2-n-HRTsZV8rh5gYUFtyPgQLTB6scZEZgazOKYJSQ9SK9jQBzJC9YoisMuyO-HwBES04bQ:1urcCp:e1rEAHxM_YufloANDlHjcBjRV_w05fmbZ2mvNlNT8C8','2025-08-28 13:08:19.387675'),('am8fqjes1vofs9jbvi2azbhgyupe2n65','.eJxVjDsOwyAQRO9CHSGM-W3K9D4DgmUJTiKQjF1FuXtsyUVSjTTvzbyZD9ta_NZp8XNiVyaBXX7LGPBJ9SDpEeq9cWx1XebID4WftPOpJXrdTvfvoIRe9vWYjXNCa2OFQRDoIFukLEmhkCaCGoAUjCnbrIGSDpCc1QMaGPWewD5f8403WA:1us7BZ:KxG6hDEVjfJd29KeT8T7B5yudJjD_mho0MjtdLj7SU4','2025-08-29 22:13:05.784710'),('ap6ve2yln8ihzr97338tot2y9vl1onx2','.eJxVjEEKwyAQAP_iuYhGF7XH3vsGWbNrTVsUYnIK_XsRcmivM8McIuK-lbh3XuNC4iqsEZdfmHB-cR2GnlgfTc6tbuuS5Ejkabu8N-L37Wz_BgV7GV835WySJ0saWWEAo7MHTSo75cmEzGDBZAhqUppZgdXGeYc-eZtsEJ8v_us3Ug:1un0Np:79TQdBZdpJ0qXy0N4OGYdaWmbR9s2HvL5NrTVEaQtLM','2025-08-15 19:56:37.495703'),('arcs0udbb0d0wm5jj98yfnl739m6d5gw','.eJxVjDsOwyAQRO9CHSE-wrAp0-cM1sIuwUkEkrErK3ePLblIqpHmvZlNjLguZVw7z-NE4iq0E5ffMmJ6cT0IPbE-mkytLvMU5aHIk3Z5b8Tv2-n-HRTsZV8rh5gYUFtyPgQLTB6scZEZgazOKYJSQ9SK9jQBzJC9YoisMuyO-HwBES04bQ:1umxW5:H2yAvYfrA8cu0_jcNLO1hL5jaP_wnRUszDTAHUCcH00','2025-08-15 16:52:57.091666'),('asrg2dkaiqzr7r7icygs87o60w1610pb','.eJxVjDsOwjAQBe_iGllO1r-lpOcM1npt4wBypDipEHeHSCmgfTPzXiLQttaw9byEKYmzsKM4_Y6R-JHbTtKd2m2WPLd1maLcFXnQLq9zys_L4f4dVOr1W_viwVlGp8BoMCZSjh6pIHpNzicPZUCbCItjBU6T4iHbaK2DkcmgeH8A9ew3ow:1umvIC:C5gCNVsy2FQ8gktppL8M5E-fQmKHG4hSZKNeX0iJfzw','2025-08-15 14:30:28.206298'),('avcvh2gy8rhlzqztjeieopi19vz7hvco','.eJxVjDsOwjAQBe_iGllO1r-lpOcM1npt4wBypDipEHeHSCmgfTPzXiLQttaw9byEKYmzsKM4_Y6R-JHbTtKd2m2WPLd1maLcFXnQLq9zys_L4f4dVOr1W_viwVlGp8BoMCZSjh6pIHpNzicPZUCbCItjBU6T4iHbaK2DkcmgeH8A9ew3ow:1upBHQ:YN3lCKESdr62wYeMzy9X7hFlARFu_HI2-UnVlWquOxI','2025-08-21 19:59:00.614094'),('az2aa0xftoynzuhee7hepciuz6v4929d','.eJxVjDsOwjAQBe_iGlms_6Gk5wzRrr3GAWRLcVIh7o4spYD2zcx7ixn3rcx753VekrgImMTpdySMT66DpAfWe5Ox1W1dSA5FHrTLW0v8uh7u30HBXkad2ClgiF5Dzso7sBOFQFk7VhTJgmdCnSGAyRZUYkM5KDwnMOzQis8XHQI4jw:1uregs:jo4fsLsTzSq7vZc0oU1R3iQINldFQq3evvKCzkfWENs','2025-08-28 15:47:30.950290'),('azehz009hcazrnsibxw4k5duvjwooqxn','.eJxVjEEKwyAQAP_iuYhGF7XH3vsGWbNrTVsUYnIK_XsRcmivM8McIuK-lbh3XuNC4iqsEZdfmHB-cR2GnlgfTc6tbuuS5Ejkabu8N-L37Wz_BgV7GV835WySJ0saWWEAo7MHTSo75cmEzGDBZAhqUppZgdXGeYc-eZtsEJ8v_us3Ug:1un1gL:bBTbArDwCEKgMiK-iA8th40u9FYrzKSGk3PxHgZD5cE','2025-08-15 21:19:49.352787'),('azmg76my6gs6rl5edc3la82wj6umjpzd','.eJxVjMEOwiAQRP-FsyG1C6V49O43kGUXpGogKe3J-O9C0oMmu8nMzpt9C4f7ltxew-oWFhehtTj9Hj3SM-Se8APzvUgqeVsXLzsij7TKW-Hwuh7s34OENfU2w4TqPNhIbKPXM2iveVBmipZAWYojQVsbmgKjIMLcrAHCNn4Uny8g1zjS:1umeck:D9hrCCeFDbbe0QiMYh89aQIN-XVt8WqsXB2tOj5wtsc','2025-08-14 20:42:34.174867'),('bd91zpsrdrbxuhoor5c2b476qyv8flda','.eJxVjEsOwjAMBe-SNYqcyGltluw5Q-Q0Di2gROpnhbg7VOoCtm9m3stE2dYxbovOccrmbHwwp98xyfDQupN8l3prdmh1nadkd8UedLHXlvV5Ody_g1GW8VsTMxTqAqOSQyHoAFISYK_qsEAQJHQIOkAPpSf2Ap1Hzj7nQo7N-wPaPDbv:1umZs9:V9Jsw43U-NeXB29QVz2jneiqVF96Gk2CaXrB--wR3u8','2025-08-14 15:38:09.565105'),('brcx91h5u1o4ph14baixzym85lgmv5wj','.eJxVjEEOwiAQRe_C2pBhgFJcuu8ZyDCgVA0kpV0Z765NutDtf-_9lwi0rSVsPS9hTuIsnBGn3zESP3LdSbpTvTXJra7LHOWuyIN2ObWUn5fD_Tso1Mu31l5lY6JCzqRAjckQOPDKZfTpOhAxYoRogXGwpB2bOBJ6BLaarGfx_gD7Bjez:1urGkE:T6I1pBuJWkYv1BqkVpxbN_uaVqmNOScoPj0C6dPnhe8','2025-08-27 14:13:22.283836'),('c09ho0p956z78whtjwpa9aj46d4mpuhd','.eJxVjDsOwjAQBe_iGlms_6Gk5wzRrr3GAWRLcVIh7o4spYD2zcx7ixn3rcx753VekrgImMTpdySMT66DpAfWe5Ox1W1dSA5FHrTLW0v8uh7u30HBXkad2ClgiF5Dzso7sBOFQFk7VhTJgmdCnSGAyRZUYkM5KDwnMOzQis8XHQI4jw:1urj0B:BP8re3dXMswpXOfTQLrUP90JYlnJyKTnZH5mwwdaOLI','2025-08-28 20:23:43.650753'),('c99y98hxc8r5uijl198y9wffpt0gqvd5','.eJxVjM0OwiAQhN-FsyH8CFSP3vsMZNldpGpoUtqT8d0tSQ96nG--mbeIsK0lbo2XOJG4irMSp1-YAJ9ce0MPqPdZ4lzXZUqyK_Jomxxn4tftcP8OCrTS18EDMeYMgNYOwTBpZclad9GYKWtynNSQ2CsbjDI7Y-eICBn9HsTnC0Q3Ogk:1uqueY:RSRU5FyKlDvdxP5UKt-WKWA3ddjk3UWqz6H36Z6pt8A','2025-08-26 14:38:02.388708'),('cfx4zdsx0i6lnemrq89oy4w4pt3l0n5d','.eJxVjEEKwyAQAP_iuYhGF7XH3vsGWbNrTVsUYnIK_XsRcmivM8McIuK-lbh3XuNC4iqsEZdfmHB-cR2GnlgfTc6tbuuS5Ejkabu8N-L37Wz_BgV7GV835WySJ0saWWEAo7MHTSo75cmEzGDBZAhqUppZgdXGeYc-eZtsEJ8v_us3Ug:1umzo5:9VeFCEJ4nNy_zGFsv4ImjFvNYjV69UHa8OQhUVgR88Y','2025-08-15 19:19:41.085938'),('chi33f7o1ccehkqqlj9y3nc5w0t8ttwq','.eJxVjEEOwiAQRe_C2pBhgFJcuu8ZyDCgVA0kpV0Z765NutDtf-_9lwi0rSVsPS9hTuIsnBGn3zESP3LdSbpTvTXJra7LHOWuyIN2ObWUn5fD_Tso1Mu31l5lY6JCzqRAjckQOPDKZfTpOhAxYoRogXGwpB2bOBJ6BLaarGfx_gD7Bjez:1urOX8:uqyL9TGVd8WN1JknDsNVmwEz9uzeTQoJrAb5TU0yDss','2025-08-27 22:32:22.002012'),('cj9s93aeh23g0atyslz0rrsqt0x6o3dt','.eJxVjDsOwjAQBe_iGlms_6Gk5wzRrr3GAWRLcVIh7o4spYD2zcx7ixn3rcx753VekrgImMTpdySMT66DpAfWe5Ox1W1dSA5FHrTLW0v8uh7u30HBXkad2ClgiF5Dzso7sBOFQFk7VhTJgmdCnSGAyRZUYkM5KDwnMOzQis8XHQI4jw:1us7Jj:Y45DXIC5Xt0e9-Ikgi8EmPJmI53TfWnNKkr7A15vw8M','2025-08-29 22:21:31.320873'),('cpewt3ls2mks9731f17ddb6rzmqa1je4','.eJxVjDsOwjAQBe_iGllO1r-lpOcM1npt4wBypDipEHeHSCmgfTPzXiLQttaw9byEKYmzsKM4_Y6R-JHbTtKd2m2WPLd1maLcFXnQLq9zys_L4f4dVOr1W_viwVlGp8BoMCZSjh6pIHpNzicPZUCbCItjBU6T4iHbaK2DkcmgeH8A9ew3ow:1umZBc:vZ-3IAdZfWHGSHAXVbobbaf14gjAOWlqEzezAjhSlKE','2025-08-14 14:54:12.529572'),('d95soam7bzrzdvkjecpxgd64rvc4wrsx','.eJxVjDsOwjAQBe_iGllO1r-lpOcM1npt4wBypDipEHeHSCmgfTPzXiLQttaw9byEKYmzsKM4_Y6R-JHbTtKd2m2WPLd1maLcFXnQLq9zys_L4f4dVOr1W_viwVlGp8BoMCZSjh6pIHpNzicPZUCbCItjBU6T4iHbaK2DkcmgeH8A9ew3ow:1ut5nr:fUXU-cMb5x51uCiOn3bC8ZQ1bha2FMk6Wkr33sckxjw','2025-09-01 14:56:39.334058'),('da2zz47sjk1gtpmv5br8vxi0i2h0xgkg','.eJxVjDsOwjAQBe_iGlms_6Gk5wzRrr3GAWRLcVIh7o4spYD2zcx7ixn3rcx753VekrgImMTpdySMT66DpAfWe5Ox1W1dSA5FHrTLW0v8uh7u30HBXkad2ClgiF5Dzso7sBOFQFk7VhTJgmdCnSGAyRZUYkM5KDwnMOzQis8XHQI4jw:1uqv2H:bnglaHnYFpPN93T7aGdVipM6_yjdCS3vQTlsG1bGX8w','2025-08-26 15:02:33.683343'),('dch2pa44sr5enrlna3u9p76cc64yo6dc','.eJxVjDsOwjAQBe_iGllO1r-lpOcM1npt4wBypDipEHeHSCmgfTPzXiLQttaw9byEKYmzsKM4_Y6R-JHbTtKd2m2WPLd1maLcFXnQLq9zys_L4f4dVOr1W_viwVlGp8BoMCZSjh6pIHpNzicPZUCbCItjBU6T4iHbaK2DkcmgeH8A9ew3ow:1uqvTW:Q6MKfSwDBm2PfbXlsTSADwxJ4Lbh8O8Tf6syKNCAqSY','2025-08-26 15:30:42.880490'),('dpcm3lyveov0mc031scdab6t2cx0lh6l','.eJxVjDsOwjAQBe_iGllO1r-lpOcM1npt4wBypDipEHeHSCmgfTPzXiLQttaw9byEKYmzsKM4_Y6R-JHbTtKd2m2WPLd1maLcFXnQLq9zys_L4f4dVOr1W_viwVlGp8BoMCZSjh6pIHpNzicPZUCbCItjBU6T4iHbaK2DkcmgeH8A9ew3ow:1upTj1:gu1u5LCHJ2xAsBzaMsf4mpf0oHeJs_JlA8Fk8xKnaH4','2025-08-22 15:40:43.833750'),('dtylmd9xz69dkoa35gyjb5ph056bodro','.eJxVjDsOwyAQRO9CHSE-wrAp0-cM1sIuwUkEkrErK3ePLblIqpHmvZlNjLguZVw7z-NE4iq0E5ffMmJ6cT0IPbE-mkytLvMU5aHIk3Z5b8Tv2-n-HRTsZV8rh5gYUFtyPgQLTB6scZEZgazOKYJSQ9SK9jQBzJC9YoisMuyO-HwBES04bQ:1un2tu:yXu5msK9iao1nbSu2_k3VmqHX7Q5rdhzMKSVQrsUEHM','2025-08-15 22:37:54.334326'),('dy09gspa9whc1rxkz62wnvkwlwqlekh8','.eJxVjEEOwiAQRe_C2pAyDG3HpXvPQGAGpGpoUtqV8e7apAvd_vfefykftrX4raXFT6LOqrfq9DvGwI9UdyL3UG-z5rmuyxT1ruiDNn2dJT0vh_t3UEIr37ojQgvA4yAMvWNIGBFhJCOZeLBGiHI02TmJbGPosiXMSC5AYklGvT_39ThG:1uoopo:1ID7C1U3akqPWcScZtfwhvOZzDvAFpHaBuFb76r05LI','2025-08-20 20:01:00.052741'),('e850p5btxt1bcfa0vdkw4i33jipnbw7l','.eJxVjDkOwjAUBe_iGln5cbxR0nMG6y82DqBEipMKcXeIlALaNzPvpRJua01by0saRZ2VBXX6HQn5kaedyB2n26x5ntZlJL0r-qBNX2fJz8vh_h1UbPVbFxKwSBIi94KItjCYznQ0-H4owVkyMXDhLgQHQOiHmB0E9Bx978Go9wcnKjgG:1uoqhl:4p0zka3-qDzNfyhUmXLtmS1USul2XfhKd52TTWvwSuA','2025-08-20 22:00:49.200953'),('el04aqskwoqzichidf0jv7o3g4s4cyy7','.eJxVjEEOwiAQRe_C2hAYQKhL9z0DmWFAqoYmpV0Z765NutDtf-_9l4i4rTVuPS9xYnERWpx-N8L0yG0HfMd2m2Wa27pMJHdFHrTLceb8vB7u30HFXr-1Cinls2FDGpRPFoALgidtzZA1YAikCrDDQRkOSYMlR0GjsiU7H0C8P9xdN4U:1tWMTy:fgKpeFiz_qffl-vDJTgyUk3sToxnHrsgnOsRwwaTwMo','2025-01-10 21:33:54.216926'),('f0bqiufhedydpnylpka45n879x3lih81','.eJxVjEsOwjAMBe-SNYpitwXCkn3PENmxTQoolfpZIe4OlbqA7ZuZ93KJ1qWkddYpDeIurkF3-B2Z8kPrRuRO9Tb6PNZlGthvit_p7PtR9Hnd3b-DQnP51tQqa0tnMWEh1U4RyI6R-RQicAyEEBG0MwZrBAIYmhFiGynkgO79AU7BOS8:1un0iS:AP8p_FzJHaBlroIMu5ucDs4n6czVo1Ljtkhe9WgXEik','2025-08-15 20:17:56.322440'),('f3fm1gkjeezjekpj59xb2revlpqf7tac','.eJxVjDsOwjAQBe_iGlmOvf6Ekj5nsHb9wQFkS3FSIe5OIqWAdmbeezOP21r81tPi58iuzGp2-YWE4ZnqYeID673x0Oq6zMSPhJ-286nF9Lqd7d9BwV72tREKJQ0otCTrcqAMgxqzUeRASq0zZCIZchKkRAQNIKwVzu0sahgN-3wBAjg3nA:1uriMA:nlM6mQJM5llt8AnaWFVjiRZoWdT81llPbrUvAVavUKk','2025-08-28 19:42:22.198303'),('f48j3qtylef7ulbpxiqv3c5pa90vkquq','.eJxVjEsOwjAMBe-SNYpitwXCkn3PENmxTQoolfpZIe4OlbqA7ZuZ93KJ1qWkddYpDeIurkF3-B2Z8kPrRuRO9Tb6PNZlGthvit_p7PtR9Hnd3b-DQnP51tQqa0tnMWEh1U4RyI6R-RQicAyEEBG0MwZrBAIYmhFiGynkgO79AU7BOS8:1uopVc:pOoaGW11Yf2eOK1RJXQTb9lKBd_IehRUe2MrIESOp60','2025-08-20 20:44:12.803972'),('f9or5ox0ajesozutidnupnjlnadpv79n','.eJxVjEEOwiAQRe_C2pBhgFJcuu8ZyDCgVA0kpV0Z765NutDtf-_9lwi0rSVsPS9hTuIsnBGn3zESP3LdSbpTvTXJra7LHOWuyIN2ObWUn5fD_Tso1Mu31l5lY6JCzqRAjckQOPDKZfTpOhAxYoRogXGwpB2bOBJ6BLaarGfx_gD7Bjez:1us78t:3YL99ZlKjUqD81zgE9ji-u1HMCwGKCrZ9BKfuVifBr0','2025-08-29 22:10:19.585687'),('fnumvde7qdvkh7qi6drla1q6eoni9mz4','.eJxVjDsOwjAQBe_iGln-xc5S0nMGa9de4wBypDipEHeHSCmgfTPzXiLitta4dV7ilMVZDFqcfkfC9OC2k3zHdptlmtu6TCR3RR60y-uc-Xk53L-Dir1-azJeAfGISjNqQrDBDpaAvEIVknWuIOegQy7GQ3JcjCOtxoCgLXoQ7w8MWDf5:1us0S6:ZhAytvq3xLvF0JbqDxr6xo1-ZXY6lsUmI7WmFCdZC_o','2025-08-29 15:01:42.027207'),('g06mqb5b11ouc70jso04l2e1fj6xkv8z','.eJxVjEEOwiAQRe_C2pBhgFJcuu8ZyDCgVA0kpV0Z765NutDtf-_9lwi0rSVsPS9hTuIsnBGn3zESP3LdSbpTvTXJra7LHOWuyIN2ObWUn5fD_Tso1Mu31l5lY6JCzqRAjckQOPDKZfTpOhAxYoRogXGwpB2bOBJ6BLaarGfx_gD7Bjez:1ut6cw:R9F211mXQaynEFFcTLd2ZrCeuMDVKWuRIt1zeFYw6Us','2025-09-01 15:49:26.910114'),('g7zikra3pc1yg1ug9qt0bnpjtvgbx9e3','.eJxVjDsOwjAQBe_iGllO1r-lpOcM1npt4wBypDipEHeHSCmgfTPzXiLQttaw9byEKYmzsKM4_Y6R-JHbTtKd2m2WPLd1maLcFXnQLq9zys_L4f4dVOr1W_viwVlGp8BoMCZSjh6pIHpNzicPZUCbCItjBU6T4iHbaK2DkcmgeH8A9ew3ow:1ulZ1Y:UYX0wPH9fbKlALG_pxkFnylc48MCZ3Wf0p8Wo_MW2qY','2025-08-11 20:31:40.867810'),('gbyz2uwz0yzf7x1hzs7dvowx1uixiled','.eJxVjEEOwiAQRe_C2pBhgFJcuu8ZyDCgVA0kpV0Z765NutDtf-_9lwi0rSVsPS9hTuIsnBGn3zESP3LdSbpTvTXJra7LHOWuyIN2ObWUn5fD_Tso1Mu31l5lY6JCzqRAjckQOPDKZfTpOhAxYoRogXGwpB2bOBJ6BLaarGfx_gD7Bjez:1urdg6:OJkaE2xD84sma2W2txmKVDOVqM178I2-fTmZsrU7ksE','2025-08-28 14:42:38.403192'),('gc80e4t61lqomjmyzmpad52hobz3nwqv','.eJxVjDsOwjAQBe_iGlms_6Gk5wzRrr3GAWRLcVIh7o4spYD2zcx7ixn3rcx753VekrgImMTpdySMT66DpAfWe5Ox1W1dSA5FHrTLW0v8uh7u30HBXkad2ClgiF5Dzso7sBOFQFk7VhTJgmdCnSGAyRZUYkM5KDwnMOzQis8XHQI4jw:1utAdn:eKl7qVFkuRTndRuGVhCWwDh0CFN6wFgAqOfeaVSwXaA','2025-09-01 20:06:35.629004'),('gcn4yjotux5902c62wn1guby78hfm4gr','.eJxVjDsOgzAQRO_iOrLA-EfK9JzBWu-uY5LIljBUUe4ekCiSKee9mbcIsK05bI2XMJO4CuXE5beMgE8uB6EHlHuVWMu6zFEeijxpk1Mlft1O9-8gQ8v7ekwcPUEaFGvnNHJvuxG8d8kYrQwSarRx2OOAOkMDKps0Rut7ZDJJfL4dNTim:1upT7s:PXX8ko24lIM5pa9i94EijudHzKe7hrXTTkVIQwAA4I8','2025-08-22 15:02:20.702765'),('gd32u1s4tj16by8u2dyiz6dfarfw2eng','.eJxVjDsOwjAQBe_iGllO1r-lpOcM1npt4wBypDipEHeHSCmgfTPzXiLQttaw9byEKYmzsKM4_Y6R-JHbTtKd2m2WPLd1maLcFXnQLq9zys_L4f4dVOr1W_viwVlGp8BoMCZSjh6pIHpNzicPZUCbCItjBU6T4iHbaK2DkcmgeH8A9ew3ow:1umvUL:ZPWbZJ2PtBW2neJN6Sx8h2nrNFZiLLi_LdzMy7PghYs','2025-08-15 14:43:01.607358'),('gdsie99npv8bnp0zmdtc3erfv1475zn5','.eJxVjEEOwiAQRe_C2hAYoFCX7j0DYYZBqoYmpV0Z765NutDtf-_9l4hpW2vcOi9xyuIsvBan3xETPbjtJN9Tu82S5rYuE8pdkQft8jpnfl4O9--gpl6_NQIzGY2KHQ7KYTAQrFE8estFW7QjqiEkRu9zAEUKCKAgOCjFEAXx_gAKSDgm:1umJpU:4X4xvmlXZFP4-G2eCwszluYOW7izWQui8fhiw8hLNLw','2025-08-13 22:30:20.657015'),('ghv8rs1iafz8n0dzfxhmfrv85oubrqkz','.eJxVjDsOwjAQBe_iGlms_6Gk5wzRrr3GAWRLcVIh7o4spYD2zcx7ixn3rcx753VekrgImMTpdySMT66DpAfWe5Ox1W1dSA5FHrTLW0v8uh7u30HBXkad2ClgiF5Dzso7sBOFQFk7VhTJgmdCnSGAyRZUYkM5KDwnMOzQis8XHQI4jw:1uqd8F:PvWiSY20nu6wr0NCW1R7CjYcMpzcKJk6qFwFhzAGjyA','2025-08-25 19:55:31.412882'),('gl8svyc0dxi6mbdltk22i8q0enwhbx1v','.eJxVjEEOwiAQRe_C2hAYoFCX7j0DYYZBqoYmpV0Z765NutDtf-_9l4hpW2vcOi9xyuIsvBan3xETPbjtJN9Tu82S5rYuE8pdkQft8jpnfl4O9--gpl6_NQIzGY2KHQ7KYTAQrFE8estFW7QjqiEkRu9zAEUKCKAgOCjFEAXx_gAKSDgm:1un2iE:Q_D5jfWHlATsoHZFl5lg-9T3OeN-sRz1f4mMU_x3UsY','2025-08-15 22:25:50.295154'),('gml9argwr27fakogtr4ad17jb7yvn9dn','.eJxVjEEOwiAQRe_C2pBhgFJcuu8ZyDCgVA0kpV0Z765NutDtf-_9lwi0rSVsPS9hTuIsnBGn3zESP3LdSbpTvTXJra7LHOWuyIN2ObWUn5fD_Tso1Mu31l5lY6JCzqRAjckQOPDKZfTpOhAxYoRogXGwpB2bOBJ6BLaarGfx_gD7Bjez:1urNOk:4ztAaq78EFtHkO_fbnJkRFdln2ftBfM9ozssyd8NUVk','2025-08-27 21:19:38.338266'),('gpxaklbvf2jpxrfpul03n743sycd1sn8','.eJxVjEsOwjAMBe-SNYqcyGltluw5Q-Q0Di2gROpnhbg7VOoCtm9m3stE2dYxbovOccrmbHwwp98xyfDQupN8l3prdmh1nadkd8UedLHXlvV5Ody_g1GW8VsTMxTqAqOSQyHoAFISYK_qsEAQJHQIOkAPpSf2Ap1Hzj7nQo7N-wPaPDbv:1uqdwh:jFU8eyy1i8CDf50eqagQoxSMt-aP44t4nIO11C3l4Z0','2025-08-25 20:47:39.870556'),('gskw7t56r7tlllhk1dacmnk5cfmlklz1','.eJxVjEEOwiAQRe_C2pBhgFJcuu8ZyDCgVA0kpV0Z765NutDtf-_9lwi0rSVsPS9hTuIsnBGn3zESP3LdSbpTvTXJra7LHOWuyIN2ObWUn5fD_Tso1Mu31l5lY6JCzqRAjckQOPDKZfTpOhAxYoRogXGwpB2bOBJ6BLaarGfx_gD7Bjez:1urhfH:AL2MPgO63uJDccERnmK7qc2HAQgW_hg7kId473eA5wI','2025-08-28 18:58:03.329289'),('gvafq88cxuclcburbb0x13u2tihsjsjw','.eJxVjEEOgjAQRe_StWkYplDq0r1nINOZqaCmTSisjHdXEha6_e-9_zIjbes0blWXcRZzNh2a0-8YiR-adyJ3yrdiueR1maPdFXvQaq9F9Hk53L-Dier0rTkFkL4BZUDvAoQETWToFX1Eh-SGtk8cPCdNXuIg0EEi9OqkaYGieX8ACWk4YA:1uqZvF:k1BcMVqlMlMDnATKzeohhPpgznQgufmkTCuq5LQcApQ','2025-08-25 16:29:53.671563'),('h840lxeeyq81n6qvasput1ffa1e8sqxk','.eJxVjDsOwjAQBe_iGlms_6Gk5wzRrr3GAWRLcVIh7o4spYD2zcx7ixn3rcx753VekrgImMTpdySMT66DpAfWe5Ox1W1dSA5FHrTLW0v8uh7u30HBXkad2ClgiF5Dzso7sBOFQFk7VhTJgmdCnSGAyRZUYkM5KDwnMOzQis8XHQI4jw:1uqYmZ:m2nxvBV4_eXXscmvpP00bMPGolzCjqdUdEoo-o8cd6Y','2025-08-25 15:16:51.856553'),('hbijkn8i7e635ho31ulqb8abxmiv7q5y','.eJxVjEEKwyAQAP_iuYhGF7XH3vsGWbNrTVsUYnIK_XsRcmivM8McIuK-lbh3XuNC4iqsEZdfmHB-cR2GnlgfTc6tbuuS5Ejkabu8N-L37Wz_BgV7GV835WySJ0saWWEAo7MHTSo75cmEzGDBZAhqUppZgdXGeYc-eZtsEJ8v_us3Ug:1umun4:v7d5FFQcCZUt8L9TDLW20bF1IvYqOKryAKGAxqqHdPM','2025-08-15 13:58:18.233292'),('hiw8tc1uoufli6oqt09hfrx8uubqvsg1','.eJxVjDsOwjAQBe_iGlms_6Gk5wzRrr3GAWRLcVIh7o4spYD2zcx7ixn3rcx753VekrgImMTpdySMT66DpAfWe5Ox1W1dSA5FHrTLW0v8uh7u30HBXkad2ClgiF5Dzso7sBOFQFk7VhTJgmdCnSGAyRZUYkM5KDwnMOzQis8XHQI4jw:1uqzIJ:OMAdFeV5wd4u7o5na7eX9aD6ND0j6EXpSquNXsd5XQs','2025-08-26 19:35:23.949444'),('hjrrkvc5fvh3l5py09w2jv3p3aba77gk','.eJxVjEEOwiAQRe_C2hAYoFCX7j0DYYZBqoYmpV0Z765NutDtf-_9l4hpW2vcOi9xyuIsvBan3xETPbjtJN9Tu82S5rYuE8pdkQft8jpnfl4O9--gpl6_NQIzGY2KHQ7KYTAQrFE8estFW7QjqiEkRu9zAEUKCKAgOCjFEAXx_gAKSDgm:1umIkD:567frGFZNoL405oCnNpT0yLb7HNZoU9W5KzKHJQJUwI','2025-08-13 21:20:49.519291'),('hlt2q3txc4gg9rks06yx06zvxgsxth1y','.eJxVjEsOwjAMBe-SNYpitwXCkn3PENmxTQoolfpZIe4OlbqA7ZuZ93KJ1qWkddYpDeIurkF3-B2Z8kPrRuRO9Tb6PNZlGthvit_p7PtR9Hnd3b-DQnP51tQqa0tnMWEh1U4RyI6R-RQicAyEEBG0MwZrBAIYmhFiGynkgO79AU7BOS8:1un1aH:W__4i4P_l4GB1hyc512ThK4kvqaUif0e3jwq4U9MBLg','2025-08-15 21:13:33.660929'),('hm5wu58qix8vjxtyr3u37z1ne6leo64m','.eJxVjDsOwjAQBe_iGlms_6Gk5wzRrr3GAWRLcVIh7o4spYD2zcx7ixn3rcx753VekrgImMTpdySMT66DpAfWe5Ox1W1dSA5FHrTLW0v8uh7u30HBXkad2ClgiF5Dzso7sBOFQFk7VhTJgmdCnSGAyRZUYkM5KDwnMOzQis8XHQI4jw:1upT5p:yne1McgechOpxKnHTy-s-wAibOBWNlM-fN10Bt1s7n8','2025-08-22 15:00:13.604858'),('igqcykx44vqqk9yomn54w1hqp8iqgbsy','.eJxVjDsOwjAQBe_iGlms_6Gk5wzRrr3GAWRLcVIh7o4spYD2zcx7ixn3rcx753VekrgImMTpdySMT66DpAfWe5Ox1W1dSA5FHrTLW0v8uh7u30HBXkad2ClgiF5Dzso7sBOFQFk7VhTJgmdCnSGAyRZUYkM5KDwnMOzQis8XHQI4jw:1uqYSz:Z646BpA5uiKahirVP__K1lc_Rh8bbCjwc9w3In4ySXY','2025-08-25 14:56:37.745139'),('ij4zf9sqe95t4m9cbzbqwxcl4yoncyw8','.eJxVjDsOwjAQBe_iGllO1r-lpOcM1npt4wBypDipEHeHSCmgfTPzXiLQttaw9byEKYmzsKM4_Y6R-JHbTtKd2m2WPLd1maLcFXnQLq9zys_L4f4dVOr1W_viwVlGp8BoMCZSjh6pIHpNzicPZUCbCItjBU6T4iHbaK2DkcmgeH8A9ew3ow:1ure0W:wu5KtXeA7Dvfb-JqjbG_k_kqN33-M1EyzifKoK1g1xc','2025-08-28 15:03:44.110001'),('iljmxcq3uru07nlfr7f56janlsa1heix','.eJxVjDsOwjAQBe_iGlms_6Gk5wzRrr3GAWRLcVIh7o4spYD2zcx7ixn3rcx753VekrgImMTpdySMT66DpAfWe5Ox1W1dSA5FHrTLW0v8uh7u30HBXkad2ClgiF5Dzso7sBOFQFk7VhTJgmdCnSGAyRZUYkM5KDwnMOzQis8XHQI4jw:1uolnr:tmcdABz8eY0zk0VEjFNCbB0QyFZXgMSOgRnnJLvQ9eY','2025-08-20 16:46:47.405795'),('ir0id4geo2cdg207qers7y3bcax4fgib','.eJxVjDsOwjAQBe_iGlmOvf6Ekj5nsHb9wQFkS3FSIe5OIqWAdmbeezOP21r81tPi58iuzGp2-YWE4ZnqYeID673x0Oq6zMSPhJ-286nF9Lqd7d9BwV72tREKJQ0otCTrcqAMgxqzUeRASq0zZCIZchKkRAQNIKwVzu0sahgN-3wBAjg3nA:1ur0Z5:ClwZXA51_-LRT0qjDPyef-mDBiOyE700EMT8GiBHAdQ','2025-08-26 20:56:47.858092'),('j87kix86mquagvd4xp8a93jhrpdjmow5','.eJxVjDsOwjAQBe_iGllO1r-lpOcM1npt4wBypDipEHeHSCmgfTPzXiLQttaw9byEKYmzsKM4_Y6R-JHbTtKd2m2WPLd1maLcFXnQLq9zys_L4f4dVOr1W_viwVlGp8BoMCZSjh6pIHpNzicPZUCbCItjBU6T4iHbaK2DkcmgeH8A9ew3ow:1uqdkC:x8-f236p-gtAskB9B-KgVq7CIKfG4X37_jUJZYVRSLE','2025-08-25 20:34:44.091259'),('jepg9f21g7eb3fta4pr0v5l2ftvrh3jw','.eJxVjEsOwjAMBe-SNYpitwXCkn3PENmxTQoolfpZIe4OlbqA7ZuZ93KJ1qWkddYpDeIurkF3-B2Z8kPrRuRO9Tb6PNZlGthvit_p7PtR9Hnd3b-DQnP51tQqa0tnMWEh1U4RyI6R-RQicAyEEBG0MwZrBAIYmhFiGynkgO79AU7BOS8:1utAA2:xO_vJH5xbSSQycap7h2GN3xGGkao3CPFm_1G965UGb0','2025-09-01 19:35:50.819836'),('jfym4y4wzgdvavyrhkmhpbmkypz6cohi','.eJxVjDsOwjAQBe_iGlms_6Gk5wzRrr3GAWRLcVIh7o4spYD2zcx7ixn3rcx753VekrgImMTpdySMT66DpAfWe5Ox1W1dSA5FHrTLW0v8uh7u30HBXkad2ClgiF5Dzso7sBOFQFk7VhTJgmdCnSGAyRZUYkM5KDwnMOzQis8XHQI4jw:1up7lj:jORwMtHrqMSuBEq3xhM-jBwvs4bjsmDc1M8j3vn1AAA','2025-08-21 16:14:03.660912'),('jhptqd4ortfdowed8cnqv8wttpvhj83p','.eJxVjDsOwjAQBe_iGllO1r-lpOcM1npt4wBypDipEHeHSCmgfTPzXiLQttaw9byEKYmzsKM4_Y6R-JHbTtKd2m2WPLd1maLcFXnQLq9zys_L4f4dVOr1W_viwVlGp8BoMCZSjh6pIHpNzicPZUCbCItjBU6T4iHbaK2DkcmgeH8A9ew3ow:1urOf4:ckWjHgvNgzoHcca_BqLjABPs9-_xElVkCQuEfhPbT5E','2025-08-27 22:40:34.409492'),('jl7qkkvrdetnggrcjzgten3unp3l63z5','.eJxVjDsOwjAQBe_iGlms_6Gk5wzRrr3GAWRLcVIh7o4spYD2zcx7ixn3rcx753VekrgImMTpdySMT66DpAfWe5Ox1W1dSA5FHrTLW0v8uh7u30HBXkad2ClgiF5Dzso7sBOFQFk7VhTJgmdCnSGAyRZUYkM5KDwnMOzQis8XHQI4jw:1ureHj:gVVjwZ7WtqVyC1jY1wCoCt4SWwdTBkNG3kP1zRL2niQ','2025-08-28 15:21:31.656938'),('jzogr3x7xwuuyj71qo1dwjwszlmkr0ko','.eJxVjDsOwjAQBe_iGllO1r-lpOcM1npt4wBypDipEHeHSCmgfTPzXiLQttaw9byEKYmzsKM4_Y6R-JHbTtKd2m2WPLd1maLcFXnQLq9zys_L4f4dVOr1W_viwVlGp8BoMCZSjh6pIHpNzicPZUCbCItjBU6T4iHbaK2DkcmgeH8A9ew3ow:1uooaX:v0_t2qAlRII1C95UYaQMszp8BDLJTEpm_bbIn9Oy3C8','2025-08-20 19:45:13.957742'),('k2yhvtx9eoa6blu73fyf5wa8n33jh23y','.eJxVjDsOwjAQBe_iGln-b0xJzxks766NAyiW8qkQd4dIKaB9M_NeIuVtbWlbypxGFmfhojj9jpjpUaad8D1Pty6pT-s8otwVedBFXjuX5-Vw_w5aXtq3Rh9NQdQGgkOrB2APUSuKCgz5AsZWzjiAt9pHZ2pQCAEVkdVMlUG8P_DCN60:1uoph4:00Kzr-4_ZSk_9reQI4cLZTAGiWBwtm569GSr33mFIKA','2025-08-20 20:56:02.283735'),('k9gvcr8n4ei4kd74sbtk2w0hccxkh0xr','.eJxVjDsOwjAQBe_iGllO1r-lpOcM1npt4wBypDipEHeHSCmgfTPzXiLQttaw9byEKYmzsKM4_Y6R-JHbTtKd2m2WPLd1maLcFXnQLq9zys_L4f4dVOr1W_viwVlGp8BoMCZSjh6pIHpNzicPZUCbCItjBU6T4iHbaK2DkcmgeH8A9ew3ow:1urNwD:OlC4A6MDIyl0rbMPzMz-Cp-BnR3BI1sSC2gl8y_V-hw','2025-08-27 21:54:13.950756'),('kbb34my7eixbp640jt6j4r9o3p7rteer','.eJxVjDsOwjAQBe_iGlms_6Gk5wzRrr3GAWRLcVIh7o4spYD2zcx7ixn3rcx753VekrgImMTpdySMT66DpAfWe5Ox1W1dSA5FHrTLW0v8uh7u30HBXkad2ClgiF5Dzso7sBOFQFk7VhTJgmdCnSGAyRZUYkM5KDwnMOzQis8XHQI4jw:1ut6qS:UzttT710hudLs5Jqg40DsXXY_prvm5DCs-G049DkUBs','2025-09-01 16:03:24.132226'),('kg55c1dakjyaqyf5tfz0mch5tf40g92n','.eJxVjDsOwjAQBe_iGllO1r-lpOcM1npt4wBypDipEHeHSCmgfTPzXiLQttaw9byEKYmzsKM4_Y6R-JHbTtKd2m2WPLd1maLcFXnQLq9zys_L4f4dVOr1W_viwVlGp8BoMCZSjh6pIHpNzicPZUCbCItjBU6T4iHbaK2DkcmgeH8A9ew3ow:1uqYkj:UkCfzplm5a_Xciyg52OBJTyW3kFrTAI3Im4IC4izKF0','2025-08-25 15:14:57.904955'),('kgrak69qpuylcviwybycr1mxof1ta4k7','.eJxVjDsOwjAQBe_iGllO1r-lpOcM1npt4wBypDipEHeHSCmgfTPzXiLQttaw9byEKYmzsKM4_Y6R-JHbTtKd2m2WPLd1maLcFXnQLq9zys_L4f4dVOr1W_viwVlGp8BoMCZSjh6pIHpNzicPZUCbCItjBU6T4iHbaK2DkcmgeH8A9ew3ow:1ulYl5:PW1lNKB8xF32N95UJybQMmjSOgWyRHNeuHNTp0FPU08','2025-08-11 20:14:39.346520'),('kiur674tgwh9jmfw0g4fz3awxyjrxtzl','.eJxVjDsOwjAQBe_iGlms_6Gk5wzRrr3GAWRLcVIh7o4spYD2zcx7ixn3rcx753VekrgImMTpdySMT66DpAfWe5Ox1W1dSA5FHrTLW0v8uh7u30HBXkad2ClgiF5Dzso7sBOFQFk7VhTJgmdCnSGAyRZUYkM5KDwnMOzQis8XHQI4jw:1uqdLl:Ws2bPiVAKJ8oqd4CoiYahcmvgtHLeOHJZDogmE1TeOw','2025-08-25 20:09:29.022672'),('kqi2mm9vvgu870r0hccl91erxzhhmkob','.eJxVjM0OwiAQhN-FsyH8CFSP3vsMZNldpGpoUtqT8d0tSQ96nG--mbeIsK0lbo2XOJG4irMSp1-YAJ9ce0MPqPdZ4lzXZUqyK_Jomxxn4tftcP8OCrTS18EDMeYMgNYOwTBpZclad9GYKWtynNSQ2CsbjDI7Y-eICBn9HsTnC0Q3Ogk:1uqvRO:JMc5ZqRjcCR9Tv_gwJQh_VMlOLETWBoNPXtbCtU_9-A','2025-08-26 15:28:30.642870'),('ku1bvrwyth6l3uy957jlh6gq9cvec8hy','.eJxVjDsOwyAQBe9CHSGzCwZSpvcZ0PLZ2EkEkrGrKHePLLlI2jcz7y0C7dsc9l7WsGRxFaMWl98xUnqWepD8oHpvMrW6rUuUhyJP2uXUcnndTvfvYKY-H3XUFsE4w9kSaO8MFlJAhtkTjpQcYwJXMCsYyA4cCQmKs6NXwDyIzxcNmjg3:1uqwwU:1IRxeGiYZGLvlGYYjL5SJ0GIOm2fjWYZyYl5kfnJeZ8','2025-08-26 17:04:42.891936'),('kxu5111uy8frvp7z1cs3nucq451f6uls','.eJxVjEEOwiAQRe_C2pBhgFJcuu8ZyDCgVA0kpV0Z765NutDtf-_9lwi0rSVsPS9hTuIsnBGn3zESP3LdSbpTvTXJra7LHOWuyIN2ObWUn5fD_Tso1Mu31l5lY6JCzqRAjckQOPDKZfTpOhAxYoRogXGwpB2bOBJ6BLaarGfx_gD7Bjez:1urHf3:uW7kbO6z2HrMPT6fTEanVw_DCZm54l3-Rvijs--PRlM','2025-08-27 15:12:05.682797'),('lendigx9pclxrc5am0j11voqpbz5tdcc','.eJxVjDsOwjAQBe_iGllO1r-lpOcM1npt4wBypDipEHeHSCmgfTPzXiLQttaw9byEKYmzsKM4_Y6R-JHbTtKd2m2WPLd1maLcFXnQLq9zys_L4f4dVOr1W_viwVlGp8BoMCZSjh6pIHpNzicPZUCbCItjBU6T4iHbaK2DkcmgeH8A9ew3ow:1un2tZ:wAM8ht116rDI-Yi7wIuatTwvqj5W3VhPD6EY7vRwYRY','2025-08-15 22:37:33.772156'),('lkas6kvxmly5uk7lxkyxib1y113qklie','.eJxVjDsOwyAQRO9CHSGM-W3K9D4DgmUJTiKQjF1FuXtsyUVSjTTvzbyZD9ta_NZp8XNiVyaBXX7LGPBJ9SDpEeq9cWx1XebID4WftPOpJXrdTvfvoIRe9vWYjXNCa2OFQRDoIFukLEmhkCaCGoAUjCnbrIGSDpCc1QMaGPWewD5f8403WA:1uqfgM:uA6uVZbCsQw0CSTfkfAwYeJXvssWkZiZ1-IcKotfO24','2025-08-25 22:38:54.219279'),('lmi2fbh0gey85nwwy6jodbxdwsjcb888','.eJxVjDsOwjAQBe_iGllO1r-lpOcM1npt4wBypDipEHeHSCmgfTPzXiLQttaw9byEKYmzsKM4_Y6R-JHbTtKd2m2WPLd1maLcFXnQLq9zys_L4f4dVOr1W_viwVlGp8BoMCZSjh6pIHpNzicPZUCbCItjBU6T4iHbaK2DkcmgeH8A9ew3ow:1uoNrm:mr7nBoX-8GKjcrcXADzmLfbFXZBedbxizhzZeiqYpHs','2025-08-19 15:13:14.732967'),('lre28cvmjymcyx6c5xem7zomsc7hm35v','.eJxVjDsOwyAQRO9CHSHAmE_K9D4DYnchOIlAMnYV5e6xJRdJN5r3Zt4sxG0tYetpCTOxKzOeXX5LiPhM9SD0iPXeOLa6LjPwQ-En7XxqlF630_07KLGXfa1HnUxWJEcLGVAJ6QeHDkBZdAK0l560FdoM2UuVnbJSkEox7RnJWvb5Av2ZN7g:1umdWL:EdOMVMVA0EvMEZAu7Aj1l0xnvy8GzvRP_Vx5WmdGdtI','2025-08-14 19:31:53.428708'),('lrncd3hmgzqnhqgyufbdmzrp7z57leje','.eJxVjEEKwyAQAP_iuYhGF7XH3vsGWbNrTVsUYnIK_XsRcmivM8McIuK-lbh3XuNC4iqsEZdfmHB-cR2GnlgfTc6tbuuS5Ejkabu8N-L37Wz_BgV7GV835WySJ0saWWEAo7MHTSo75cmEzGDBZAhqUppZgdXGeYc-eZtsEJ8v_us3Ug:1utAlr:zQPo9jHasTWQgVwKGvQQ28oA5QPdZhiqaf8WcB2-gGo','2025-09-01 20:14:55.956397'),('ltk04qs6vv81eqs81l079uw7d71fdf73','.eJxVjEEOwiAQRe_C2pCWgaF16d4zEGYYpGpoUtqV8e7apAvd_vfef6kQt7WErckSpqTOyhl1-h0p8kPqTtI91tusea7rMpHeFX3Qpq9zkuflcP8OSmzlW4PvsHfJM3dWZKDojICwJ9uD5AxIAn4YAY2ITT7zSEBsEDMKOWD1_gAYGTjT:1urdM2:9fQjABOOF_BS_MyLzfy3mPjrb2w-DraEuXyqbG-fGk8','2025-08-28 14:21:54.409979'),('lv0qc7ex7dlufpbhv2dnwp84dusxnpkv','.eJxVjDsOwjAQBe_iGlms_6Gk5wzRrr3GAWRLcVIh7o4spYD2zcx7ixn3rcx753VekrgImMTpdySMT66DpAfWe5Ox1W1dSA5FHrTLW0v8uh7u30HBXkad2ClgiF5Dzso7sBOFQFk7VhTJgmdCnSGAyRZUYkM5KDwnMOzQis8XHQI4jw:1ut59N:w9m17H7TbuhoeM9NfDCe2OrmbRBn8z8CQtyAI0cX2Hk','2025-09-01 14:14:49.793286'),('lwa4whv5nkmnln5szm7k6ek3qrsazf1c','.eJxVjEEOwiAQRe_C2hApwxRcuu8ZyAwMUjVtUtqV8e7apAvd_vfef6lI21rj1mSJY1YXhV6dfkem9JBpJ_lO023WaZ7WZWS9K_qgTQ9zluf1cP8OKrX6rdkEX9hLVzBw56F3AXpTMBXLFJCCA0SbC2OSfDZOQBBc58kmAPRWvT8NqzfS:1umdzt:uzgDiSPvppcQ6WxRJRc06I3P4vf3Em6bFk-tyOTI2Q8','2025-08-14 20:02:25.227874'),('lz89jy83dvg6iueusocdfa5yz1p3qpoe','.eJxVjEEOgjAQRe_StWkYplDq0r1nINOZqaCmTSisjHdXEha6_e-9_zIjbes0blWXcRZzNh2a0-8YiR-adyJ3yrdiueR1maPdFXvQaq9F9Hk53L-Dier0rTkFkL4BZUDvAoQETWToFX1Eh-SGtk8cPCdNXuIg0EEi9OqkaYGieX8ACWk4YA:1umIom:zs8ARbTFO7oTX3gzeMfp4Px9U6i2XnPJRh0jkRwbCQ8','2025-08-13 21:25:32.198056'),('m32jbaa900ckr0z0yt5j2o8mef3oky8h','.eJxVjDsOwjAQBe_iGllO1r-lpOcM1npt4wBypDipEHeHSCmgfTPzXiLQttaw9byEKYmzsKM4_Y6R-JHbTtKd2m2WPLd1maLcFXnQLq9zys_L4f4dVOr1W_viwVlGp8BoMCZSjh6pIHpNzicPZUCbCItjBU6T4iHbaK2DkcmgeH8A9ew3ow:1umwTv:lj9qAHk6GlfSQTosQZkmZv5l-3uwMxtRP0gdAWbV-hU','2025-08-15 15:46:39.916056'),('m48uq6t4eac57mvrh5s1gd9m4w3lpzza','.eJxVjEEOwiAQRe_C2hAYQKhL9z0DmWFAqoYmpV0Z765NutDtf-_9l4i4rTVuPS9xYnERWpx-N8L0yG0HfMd2m2Wa27pMJHdFHrTLceb8vB7u30HFXr-1Cinls2FDGpRPFoALgidtzZA1YAikCrDDQRkOSYMlR0GjsiU7H0C8P9xdN4U:1tFg94:WW-J6iGcTbCin_7R448OLWywU5mu8oWhrbs2tz9Jf-8','2024-11-25 21:07:22.670588'),('m6byiukuidg432ajbas22edyxao0xzsg','.eJxVjDsOwjAQBe_iGllO1r-lpOcM1npt4wBypDipEHeHSCmgfTPzXiLQttaw9byEKYmzsKM4_Y6R-JHbTtKd2m2WPLd1maLcFXnQLq9zys_L4f4dVOr1W_viwVlGp8BoMCZSjh6pIHpNzicPZUCbCItjBU6T4iHbaK2DkcmgeH8A9ew3ow:1upDDB:zI_1bkcLeL4_dnJ8gszaTUYCl4asup4Y-BMUzj4dLNU','2025-08-21 22:02:45.108747'),('m6kkstxhnttgo6bxpijki6d8vs32uooo','.eJxVjEEOwiAQRe_C2pBhgFJcuu8ZyDCgVA0kpV0Z765NutDtf-_9lwi0rSVsPS9hTuIsnBGn3zESP3LdSbpTvTXJra7LHOWuyIN2ObWUn5fD_Tso1Mu31l5lY6JCzqRAjckQOPDKZfTpOhAxYoRogXGwpB2bOBJ6BLaarGfx_gD7Bjez:1upBRX:817ITRaqKqOBN8gJW42uFq5VmGJOMIVHj8zZbbc4N38','2025-08-21 20:09:27.370718'),('m95ipp4g2rhxs30yl6hz9mbglgi5ws2v','.eJxVjDsOgzAQRO_iOrLA-EfK9JzBWu-uY5LIljBUUe4ekCiSKee9mbcIsK05bI2XMJO4CuXE5beMgE8uB6EHlHuVWMu6zFEeijxpk1Mlft1O9-8gQ8v7ekwcPUEaFGvnNHJvuxG8d8kYrQwSarRx2OOAOkMDKps0Rut7ZDJJfL4dNTim:1umaNs:6m0CIvZBoivsmurnuD9keugr20e6KRb3TeciDO7gCEs','2025-08-14 16:10:56.929526'),('mesafcgl4d0ryul33z2bdyh2ebur5dnn','.eJxVjEEOwiAQRe_C2pBhgFJcuu8ZyDCgVA0kpV0Z765NutDtf-_9lwi0rSVsPS9hTuIsnBGn3zESP3LdSbpTvTXJra7LHOWuyIN2ObWUn5fD_Tso1Mu31l5lY6JCzqRAjckQOPDKZfTpOhAxYoRogXGwpB2bOBJ6BLaarGfx_gD7Bjez:1up7uD:Giv9tx7WOUCPHFw5PTP9kpCg8hIJsXBJlnDaVKfWf-4','2025-08-21 16:22:49.409945'),('mgdhtt8cmr8xyt1vkeyb3vpop1xi7n4x','.eJxVjEEOwiAQRe_C2pCZIjBx6d4zkAEGqRqalHbVeHdt0oVu_3vvbyrwutSwdpnDmNVFIanT7xg5PaXtJD-43SedprbMY9S7og_a9W3K8roe7t9B5V6_tXg2CYgH4jNHD75EACPWsQFwYhOCyziA48JIxRoE9MTJSpFCYNT7AwVjN-E:1urIL3:v7vZ19crhDzs-SMde1RMW-9d1ku2veR01kkpFSpZdEA','2025-08-27 15:55:29.401743'),('mh6a6twbhqvjbxs85kbpzxerjusyu44s','.eJxVjDsOwjAQBe_iGllO1r-lpOcM1npt4wBypDipEHeHSCmgfTPzXiLQttaw9byEKYmzsKM4_Y6R-JHbTtKd2m2WPLd1maLcFXnQLq9zys_L4f4dVOr1W_viwVlGp8BoMCZSjh6pIHpNzicPZUCbCItjBU6T4iHbaK2DkcmgeH8A9ew3ow:1uqWu8:BYiDGezUp3JzzWoe8SflRZNht-94GtBm-MILA_rmPXk','2025-08-25 13:16:32.310286'),('mifb2e4q0epluckpido0crnb0tw9deg5','.eJxVjDsOwjAQBe_iGllO1r-lpOcM1npt4wBypDipEHeHSCmgfTPzXiLQttaw9byEKYmzsKM4_Y6R-JHbTtKd2m2WPLd1maLcFXnQLq9zys_L4f4dVOr1W_viwVlGp8BoMCZSjh6pIHpNzicPZUCbCItjBU6T4iHbaK2DkcmgeH8A9ew3ow:1us1vG:djNpmkLF0xBQqNdvEju1V8gNWYWHnVe_kxcOfzcGqxI','2025-08-29 16:35:54.714901'),('mk2dfwkg4t82e9yy3fgcskics7vpapm1','.eJxVjMsOwiAQRf-FtSEDQ4W6dN9vIDM8pGogKe3K-O_apAvd3nPOfQlP21r81tPi5yguQonT78YUHqnuIN6p3poMra7LzHJX5EG7nFpMz-vh_h0U6uVb66SssYPjMzsGjDCyymAshxyRkUY3gDUmAwIagqgdUgCVmAwGq5N4fwDPhTeA:1ujgbc:-yy_9OM8lmcoH6cf1CVzMfPG0xzZ8f8etMW62UxEvx0','2025-08-06 16:13:08.410687'),('mm1r7tyrdrgzbardx8p55ivrejjdtykf','.eJxVjMsOwiAQRf-FtSG8GVy69xvIMIBUDU1KuzL-uzbpQrf3nHNfLOK2triNssQpszPTnp1-x4T0KH0n-Y79NnOa-7pMie8KP-jg1zmX5-Vw_w4ajvatpdLGe6gq-CAgFG8tgVTOUICqq3eojSlCgoVgKlF1FW02mAitFaDZ-wPTLDdC:1upBWU:EtSfJ-D_sDlolvh--a9pmv4v1gQwHmZDcS2Oe6VWalE','2025-08-21 20:14:34.702156'),('mw1tb4k1wsyb0izfntkr5t26vyi11ksm','.eJxVjEEOwiAQRe_C2pBhgFJcuu8ZyDCgVA0kpV0Z765NutDtf-_9lwi0rSVsPS9hTuIsnBGn3zESP3LdSbpTvTXJra7LHOWuyIN2ObWUn5fD_Tso1Mu31l5lY6JCzqRAjckQOPDKZfTpOhAxYoRogXGwpB2bOBJ6BLaarGfx_gD7Bjez:1us5qj:4gXmVhkE1bu-3cbju-vQzz5K2l1Dl3qg25WLAKwgePw','2025-08-29 20:47:29.239167'),('mz3xvm8ref3mxri5rved24zd2hdon1yd','.eJxVjDsOwjAQBe_iGllO1r-lpOcM1npt4wBypDipEHeHSCmgfTPzXiLQttaw9byEKYmzsKM4_Y6R-JHbTtKd2m2WPLd1maLcFXnQLq9zys_L4f4dVOr1W_viwVlGp8BoMCZSjh6pIHpNzicPZUCbCItjBU6T4iHbaK2DkcmgeH8A9ew3ow:1ur1dS:JJ3j_lUzJ7FTsVwYaAVuh5ws8kI4y0-4vVcB6yhy8CI','2025-08-26 22:05:22.991087'),('n15r23zzk6f8nnl5bbc3rdazbsvlhouz','.eJxVjDsOwjAQBe_iGlms_6Gk5wzRrr3GAWRLcVIh7o4spYD2zcx7ixn3rcx753VekrgImMTpdySMT66DpAfWe5Ox1W1dSA5FHrTLW0v8uh7u30HBXkad2ClgiF5Dzso7sBOFQFk7VhTJgmdCnSGAyRZUYkM5KDwnMOzQis8XHQI4jw:1umY7X:LqTcpGPU0Kbk7qnuQ8dIc207jkneq27MRQvY2SYOBqA','2025-08-14 13:45:55.204014'),('n2rj9x0gpdo7yq7w694ofmapqpf11gnt','.eJxVjDsOwjAQBe_iGllO1r-lpOcM1npt4wBypDipEHeHSCmgfTPzXiLQttaw9byEKYmzsKM4_Y6R-JHbTtKd2m2WPLd1maLcFXnQLq9zys_L4f4dVOr1W_viwVlGp8BoMCZSjh6pIHpNzicPZUCbCItjBU6T4iHbaK2DkcmgeH8A9ew3ow:1urJXB:SiPDhF0kdszYxNeV44kW3gKxaPglzr4PBh4uMPc-x2Q','2025-08-27 17:12:05.597916'),('n5qjoy9ip5ewr9fv4o09jgacyz3xy9ht','.eJxVjEEOwiAQRe_C2pBhgFJcuu8ZyDCgVA0kpV0Z765NutDtf-_9lwi0rSVsPS9hTuIsnBGn3zESP3LdSbpTvTXJra7LHOWuyIN2ObWUn5fD_Tso1Mu31l5lY6JCzqRAjckQOPDKZfTpOhAxYoRogXGwpB2bOBJ6BLaarGfx_gD7Bjez:1urG4p:FWiRtEIzIN0h6fLXZHmGwXJ3rmaVZWHWX0wsu2yn4qA','2025-08-27 13:30:35.341272'),('n5w7h48ee2lbye2gxzi2dwr0yfnekokm','.eJxVjDsOwjAQBe_iGln-4B8lPWew1rsbHECOFCcV4u4kUgpo38y8t8iwLjWvnec8krgI48XpdyyAT247oQe0-yRxass8Frkr8qBd3ibi1_Vw_w4q9LrVNiYV4FxwQCbrgDyDDoG8UyZyIscYXCzoi45Go3I4GJs2GU1QbJP4fAEiTjii:1umYkV:7t6z0BDo-J6F2P4dcPgNBGoQv1UWAnl8CubokcE7r6k','2025-08-14 14:26:11.762051'),('nbgrs1ln7yxzizh93ahn5emheerxit3h','.eJxVjDsOwjAQBe_iGlms_6Gk5wzRrr3GAWRLcVIh7o4spYD2zcx7ixn3rcx753VekrgImMTpdySMT66DpAfWe5Ox1W1dSA5FHrTLW0v8uh7u30HBXkad2ClgiF5Dzso7sBOFQFk7VhTJgmdCnSGAyRZUYkM5KDwnMOzQis8XHQI4jw:1upUIS:0OrtkZ36L7vFONz63g5HIn4h3IJ898uz8SV3koTePZY','2025-08-22 16:17:20.664292'),('nosgkvk3ed95k3f4ntygthixlhq592h7','.eJxVjDsOwjAQBe_iGllO1r-lpOcM1npt4wBypDipEHeHSCmgfTPzXiLQttaw9byEKYmzsKM4_Y6R-JHbTtKd2m2WPLd1maLcFXnQLq9zys_L4f4dVOr1W_viwVlGp8BoMCZSjh6pIHpNzicPZUCbCItjBU6T4iHbaK2DkcmgeH8A9ew3ow:1upX5x:JDNcAlxhNxRnnnmiLZtp5QzPlsqasgLcJRg1nr3yEpc','2025-08-22 19:16:37.420289'),('nt1opfcst5atu7b134yn1iopko6b8jrs','.eJxVjDsOwyAQRO9CHSE-wrAp0-cM1sIuwUkEkrErK3ePLblIqpHmvZlNjLguZVw7z-NE4iq0E5ffMmJ6cT0IPbE-mkytLvMU5aHIk3Z5b8Tv2-n-HRTsZV8rh5gYUFtyPgQLTB6scZEZgazOKYJSQ9SK9jQBzJC9YoisMuyO-HwBES04bQ:1urHaj:_ZrlLuFdPB0olYij9GnlqAIhl6Rrct9xlMRcAx7VZsc','2025-08-27 15:07:37.450510'),('ntw9k869k4suumv65kpfot8vv9fgo23d','.eJxVjDsOgzAQRO_iOrLA-EfK9JzBWu-uY5LIljBUUe4ekCiSKee9mbcIsK05bI2XMJO4CuXE5beMgE8uB6EHlHuVWMu6zFEeijxpk1Mlft1O9-8gQ8v7ekwcPUEaFGvnNHJvuxG8d8kYrQwSarRx2OOAOkMDKps0Rut7ZDJJfL4dNTim:1uoTwA:0_r434SKvb8QjqHvbcRaecXFhx9itto90qFk5VPwIUQ','2025-08-19 21:42:10.479659'),('nvk351oq4a7fnxyavjbahq6slx5bvxzc','.eJxVjMsOwiAQRf-FtSEDQ4W6dN9vIDM8pGogKe3K-O_apAvd3nPOfQlP21r81tPi5yguQonT78YUHqnuIN6p3poMra7LzHJX5EG7nFpMz-vh_h0U6uVb66SssYPjMzsGjDCyymAshxyRkUY3gDUmAwIagqgdUgCVmAwGq5N4fwDPhTeA:1uJXbI:LBpsOlztJrXtfssaqagj2iO6O6DkAjIj5FUd-SoiFqg','2025-05-26 13:20:44.551561'),('nxxzuzob1vcrcropme360ml670uke568','.eJxVjMEOwiAQRP-FsyG1C6V49O43kGUXpGogKe3J-O9C0oMmu8nMzpt9C4f7ltxew-oWFhehtTj9Hj3SM-Se8APzvUgqeVsXLzsij7TKW-Hwuh7s34OENfU2w4TqPNhIbKPXM2iveVBmipZAWYojQVsbmgKjIMLcrAHCNn4Uny8g1zjS:1un0UH:JAc9LTk4LBkK72Ty7i-eBFV7OaH6cMjOu0SoNYrlAVQ','2025-08-15 20:03:17.771546'),('o4grerp2kgehzhr10y20mpdgijh23jqg','.eJxVjDsOwjAQBe_iGllO1r-lpOcM1npt4wBypDipEHeHSCmgfTPzXiLQttaw9byEKYmzsKM4_Y6R-JHbTtKd2m2WPLd1maLcFXnQLq9zys_L4f4dVOr1W_viwVlGp8BoMCZSjh6pIHpNzicPZUCbCItjBU6T4iHbaK2DkcmgeH8A9ew3ow:1us1Lm:Y36ubEEiJW9TKhbnKvf9zrz9aSjReYSr624XC6gj5DM','2025-08-29 15:59:14.386847'),('o55cmb0fjesoop08j5cglrqxjox6bs6c','.eJxVjDsOwjAQBe_iGllO1r-lpOcM1npt4wBypDipEHeHSCmgfTPzXiLQttaw9byEKYmzsKM4_Y6R-JHbTtKd2m2WPLd1maLcFXnQLq9zys_L4f4dVOr1W_viwVlGp8BoMCZSjh6pIHpNzicPZUCbCItjBU6T4iHbaK2DkcmgeH8A9ew3ow:1urfP3:OOxfChFvYeU_IXfl0d6AIxh5bnceM9alDYXJ3s6zkWY','2025-08-28 16:33:09.318439'),('o800mk44vu76v2q7xpggbnds0ft5aksp','.eJxVjEsOwjAMBe-SNYpitwXCkn3PENmxTQoolfpZIe4OlbqA7ZuZ93KJ1qWkddYpDeIurkF3-B2Z8kPrRuRO9Tb6PNZlGthvit_p7PtR9Hnd3b-DQnP51tQqa0tnMWEh1U4RyI6R-RQicAyEEBG0MwZrBAIYmhFiGynkgO79AU7BOS8:1umYxp:MIF11un9tt6FgZub6j6WR-rfffg7-wrgMpId8Q3wtTA','2025-08-14 14:39:57.978976'),('o9bs1136am6hp3qc7j1rajp4wpam0koy','.eJxVjDkOwjAUBe_iGllecUJJnzNYf7FxANlSnFSIu0OkFNC-mXkvEWFbS9x6WuLM4iKCFaffEYEeqe6E71BvTVKr6zKj3BV50C6nxul5Pdy_gwK9fGtPFrVXJiAF0szKjJ7QG3bZqXP2bkA9Gpt1BmWyBXTB5uQsuYETkBfvDwadOFM:1ur0RV:Dlg7qFxehP8L5s1IK-iRs_ZnN7FU0IKI3OC0u9DHaM8','2025-08-26 20:48:57.713006'),('od7w4mbygs4et0spe7i1gvksxkkoxh38','.eJxVjEEOwiAQRe_C2hCmrTC4dO8ZyAwMUjU0Ke3KeHfbpAvdvvf-f6tA61LC2mQOY1IXBYM6_UKm-JS6m_Sgep90nOoyj6z3RB-26duU5HU92r-DQq1sayuOs3UesMuIxNB7cGItnQlTb5LlwWUnzor3kTJyl41hgQSRN4zq8wUK_TiH:1ur1U4:7C2yDiB5mXjpNh5L9pW9z73ux3GERXTyM1VLmqbHV24','2025-08-26 21:55:40.760276'),('oje96757xsxovnjtvm0w4ugv32aphgbd','.eJxVjDsOwjAQBe_iGllO1r-lpOcM1npt4wBypDipEHeHSCmgfTPzXiLQttaw9byEKYmzsKM4_Y6R-JHbTtKd2m2WPLd1maLcFXnQLq9zys_L4f4dVOr1W_viwVlGp8BoMCZSjh6pIHpNzicPZUCbCItjBU6T4iHbaK2DkcmgeH8A9ew3ow:1umIaJ:mr5BIS7dxyfJfEU69mQ53AVvVrtAgjUfO2QTzFY_V34','2025-08-13 21:10:35.248477'),('ojs4ix9yqvdbx3lfpzw6bh57lrf7xah9','.eJxVjDsOwjAQBe_iGllO1r-lpOcM1npt4wBypDipEHeHSCmgfTPzXiLQttaw9byEKYmzsKM4_Y6R-JHbTtKd2m2WPLd1maLcFXnQLq9zys_L4f4dVOr1W_viwVlGp8BoMCZSjh6pIHpNzicPZUCbCItjBU6T4iHbaK2DkcmgeH8A9ew3ow:1upaEM:Rl_LvhFitPT-wuNy9z8HeHUHfMKYILZHCf0q0Bl4O8U','2025-08-22 22:37:30.947554'),('okr38stgc8jv9uq1y6nzlco1selqa83v','.eJxVjEEOwiAQRe_C2hAYQKhL9z0DmWFAqoYmpV0Z765NutDtf-_9l4i4rTVuPS9xYnERWpx-N8L0yG0HfMd2m2Wa27pMJHdFHrTLceb8vB7u30HFXr-1Cinls2FDGpRPFoALgidtzZA1YAikCrDDQRkOSYMlR0GjsiU7H0C8P9xdN4U:1tWLjF:oFZZk2t2Qo4TpInwWcBd6G_hU_rf4k-YtycXXOtL_b0','2025-01-10 20:45:37.543678'),('oodljlvkgyz0twket8jvcuwzny6zjom1','.eJxVjEEOgjAQRe_StWkYplDq0r1nINOZqaCmTSisjHdXEha6_e-9_zIjbes0blWXcRZzNh2a0-8YiR-adyJ3yrdiueR1maPdFXvQaq9F9Hk53L-Dier0rTkFkL4BZUDvAoQETWToFX1Eh-SGtk8cPCdNXuIg0EEi9OqkaYGieX8ACWk4YA:1umJYV:dx43X9Y5I1rYGKgxLgsqM91tVfgsjEfQe6twNQD_nlk','2025-08-13 22:12:47.870913'),('ozpqj1m5xamxoow5r0tsxro8jeqryx7l','.eJxVjDsOwjAQBe_iGlms_6Gk5wzRrr3GAWRLcVIh7o4spYD2zcx7ixn3rcx753VekrgImMTpdySMT66DpAfWe5Ox1W1dSA5FHrTLW0v8uh7u30HBXkad2ClgiF5Dzso7sBOFQFk7VhTJgmdCnSGAyRZUYkM5KDwnMOzQis8XHQI4jw:1urNS1:QYK_B6-dR053EdOo7HdnhFcHnvnIA35kjCqpmNS-npc','2025-08-27 21:23:01.827847'),('p81ez4wlaswwskstwm6o46ova307clk5','.eJxVjDsOwjAQBe_iGllO1r-lpOcM1npt4wBypDipEHeHSCmgfTPzXiLQttaw9byEKYmzsKM4_Y6R-JHbTtKd2m2WPLd1maLcFXnQLq9zys_L4f4dVOr1W_viwVlGp8BoMCZSjh6pIHpNzicPZUCbCItjBU6T4iHbaK2DkcmgeH8A9ew3ow:1uoqBg:K_Zmq230gApRvKN_X2dLz1fXCNzz8XFi2r2tX47mLDk','2025-08-20 21:27:40.963414'),('pbl34bt4m3wddswr9hvvgrspk3o5u5wg','.eJxVjMEOwiAQRP-FsyG1C6V49O43kGUXpGogKe3J-O9C0oMmu8nMzpt9C4f7ltxew-oWFhehtTj9Hj3SM-Se8APzvUgqeVsXLzsij7TKW-Hwuh7s34OENfU2w4TqPNhIbKPXM2iveVBmipZAWYojQVsbmgKjIMLcrAHCNn4Uny8g1zjS:1umaSD:aS0Sk_yDSaPSsTsQHyypvr0hKQM29f9LcQRZO6yCW30','2025-08-14 16:15:25.679972'),('pgpolls4w00zcn8ommxcszj5084kga5o','.eJxVjDsOwyAQRO9CHSGM-W3K9D4DgmUJTiKQjF1FuXtsyUVSjTTvzbyZD9ta_NZp8XNiVyaBXX7LGPBJ9SDpEeq9cWx1XebID4WftPOpJXrdTvfvoIRe9vWYjXNCa2OFQRDoIFukLEmhkCaCGoAUjCnbrIGSDpCc1QMaGPWewD5f8403WA:1uqcd9:eyipme_8h5HwyJ0UPw9ae63jjTkZAxdM4XYITvQWaSA','2025-08-25 19:23:23.456783'),('pko532zcbq1wf7fpa5yl1qbr76dhjffb','.eJxVjDkOwjAUBe_iGln5cbxR0nMG6y82DqBEipMKcXeIlALaNzPvpRJua01by0saRZ2VBXX6HQn5kaedyB2n26x5ntZlJL0r-qBNX2fJz8vh_h1UbPVbFxKwSBIi94KItjCYznQ0-H4owVkyMXDhLgQHQOiHmB0E9Bx978Go9wcnKjgG:1umv9T:DzQ6ERwWyXdBVfUU6BhOsrn3Zv-rpN3XJNvjyY53RK0','2025-08-15 14:21:27.752485'),('plgc8on0cjihawr6blu1ixhwrnliz3u7','.eJxVjDkOwjAUBe_iGln5cbxR0nMG6y82DqBEipMKcXeIlALaNzPvpRJua01by0saRZ2VBXX6HQn5kaedyB2n26x5ntZlJL0r-qBNX2fJz8vh_h1UbPVbFxKwSBIi94KItjCYznQ0-H4owVkyMXDhLgQHQOiHmB0E9Bx978Go9wcnKjgG:1uoNf3:fUoE5IfNgV4KKZczIo0dKteLJL7PFStvoCpxZTNRu7c','2025-08-19 15:00:05.680437'),('ppuo05glt8uzsyesnnh5jts1cfyb3xuk','.eJxVjDsOwjAQBe_iGlms_6Gk5wzRrr3GAWRLcVIh7o4spYD2zcx7ixn3rcx753VekrgImMTpdySMT66DpAfWe5Ox1W1dSA5FHrTLW0v8uh7u30HBXkad2ClgiF5Dzso7sBOFQFk7VhTJgmdCnSGAyRZUYkM5KDwnMOzQis8XHQI4jw:1un0U2:ae-YNC9zS9Yh0uGP6Mr0cqnir2da48GXffGKqzNb3wU','2025-08-15 20:03:02.295263'),('pu6a7vxcw0cfzz5dcj8qycb13ocq747t','.eJxVjDsOwjAQBe_iGlms_6Gk5wzRrr3GAWRLcVIh7o4spYD2zcx7ixn3rcx753VekrgImMTpdySMT66DpAfWe5Ox1W1dSA5FHrTLW0v8uh7u30HBXkad2ClgiF5Dzso7sBOFQFk7VhTJgmdCnSGAyRZUYkM5KDwnMOzQis8XHQI4jw:1uom3w:qGyMcgnxK4sNks2MbMhLQuF-bmlufJNxEIkB1Uf7qmw','2025-08-20 17:03:24.542902'),('q0mvmnsjtbrq62tv4fxgbjvpvcy0f4w1','.eJxVjEsOwjAMBe-SNYpitwXCkn3PENmxTQoolfpZIe4OlbqA7ZuZ93KJ1qWkddYpDeIurkF3-B2Z8kPrRuRO9Tb6PNZlGthvit_p7PtR9Hnd3b-DQnP51tQqa0tnMWEh1U4RyI6R-RQicAyEEBG0MwZrBAIYmhFiGynkgO79AU7BOS8:1un11L:acGSbe7rtDdlfQSEz9TM14p-xsBAvkMLZmYKqBPibGg','2025-08-15 20:37:27.963226'),('q76iyxjstllj2iy2j9w36z5i302ylsym','.eJxVjDsOwyAQRO9CHSGM-W3K9D4DgmUJTiKQjF1FuXtsyUVSjTTvzbyZD9ta_NZp8XNiVyaBXX7LGPBJ9SDpEeq9cWx1XebID4WftPOpJXrdTvfvoIRe9vWYjXNCa2OFQRDoIFukLEmhkCaCGoAUjCnbrIGSDpCc1QMaGPWewD5f8403WA:1urNR7:_otPWC_a6g2doslgvEGGm7yjiDHxPoUfE4ZupxQvyC8','2025-08-27 21:22:05.643287'),('qc0viz6iwkfs3fxu8kj3agbbggz33cmx','.eJxVjEEKwyAQAP_iuYhGF7XH3vsGWbNrTVsUYnIK_XsRcmivM8McIuK-lbh3XuNC4iqsEZdfmHB-cR2GnlgfTc6tbuuS5Ejkabu8N-L37Wz_BgV7GV835WySJ0saWWEAo7MHTSo75cmEzGDBZAhqUppZgdXGeYc-eZtsEJ8v_us3Ug:1uoLg2:E7VOS42QoVyZdB-gTidANTvmF1TRKxxLuiWeMsdglNw','2025-08-19 12:52:58.502931'),('qgzhbr28ajpabhndfjc3mtfqsmw6bkus','.eJxVjDsOwjAQBe_iGlms_6Gk5wzRrr3GAWRLcVIh7o4spYD2zcx7ixn3rcx753VekrgImMTpdySMT66DpAfWe5Ox1W1dSA5FHrTLW0v8uh7u30HBXkad2ClgiF5Dzso7sBOFQFk7VhTJgmdCnSGAyRZUYkM5KDwnMOzQis8XHQI4jw:1urfud:kSewoVV4xb1DGUKsmjKDyIBBullyUnu4YVPkmuJboAk','2025-08-28 17:05:47.313322'),('qicud941v4d2mnc13nltbojfpbzbzm81','.eJxVjDsOwjAQBe_iGlms_6Gk5wzRrr3GAWRLcVIh7o4spYD2zcx7ixn3rcx753VekrgImMTpdySMT66DpAfWe5Ox1W1dSA5FHrTLW0v8uh7u30HBXkad2ClgiF5Dzso7sBOFQFk7VhTJgmdCnSGAyRZUYkM5KDwnMOzQis8XHQI4jw:1urNma:2tRWUdBhg2mplhWjBnvw7GQsmQ0jErYtG8at599bPws','2025-08-27 21:44:16.588305'),('qj6m9dl1bzisqbvoa10dfqn8qd3qv0y1','.eJxVjMsOwiAQRf-FtSFAh5dL934DGRiQqoGktCvjv2uTLnR7zzn3xQJuaw3byEuYiZ0ZeHb6HSOmR247oTu2W-ept3WZI98VftDBr53y83K4fwcVR_3WKBGEI4OT8hEzEGmZyCgJHu2UtCplUkU5Z9E6YZS2Epy1OrooZIHC3h8HPjd-:1uqaYV:Pj70OluiYGkxFpbz7On7rRxNiT5zJZ_qprRGGM6yFco','2025-08-25 17:10:27.945871'),('qosj0bqhbcspmyums7j4ivbmhqtb4s08','.eJxVjDsOwjAQBe_iGllO1r-lpOcM1npt4wBypDipEHeHSCmgfTPzXiLQttaw9byEKYmzsKM4_Y6R-JHbTtKd2m2WPLd1maLcFXnQLq9zys_L4f4dVOr1W_viwVlGp8BoMCZSjh6pIHpNzicPZUCbCItjBU6T4iHbaK2DkcmgeH8A9ew3ow:1uqWQz:zGiUbdqArcLTSTmF85S3AsLL6OIy8CSejznNTB6K3TU','2025-08-25 12:46:25.017246'),('qpifwvpoxrdgorx0ooni9v0hvzbj86ae','.eJxVjEEKwyAQAP_iuYhGF7XH3vsGWbNrTVsUYnIK_XsRcmivM8McIuK-lbh3XuNC4iqsEZdfmHB-cR2GnlgfTc6tbuuS5Ejkabu8N-L37Wz_BgV7GV835WySJ0saWWEAo7MHTSo75cmEzGDBZAhqUppZgdXGeYc-eZtsEJ8v_us3Ug:1urLdQ:OFxe5aMcnyZ88ZnD8UuZEwVFB6fGF7sIj4cJSDJ0h4o','2025-08-27 19:26:40.132925'),('qutl08hr4l29qgtl0r1tk4vtwfit8lpk','.eJxVjE0OwiAYBe_C2hAoIODSvWcg3w-VqoGktCvj3W2TLnT7Zua9RYJ1KWnteU4Ti4swTpx-RwR65roTfkC9N0mtLvOEclfkQbu8Nc6v6-H-HRToZavRBdJhGBC8VYSkMoMJjJGNslkxxNF645GsIaBRaWXARZ3PAclvpfh8ASO7OK4:1upSS4:rysWBFHgUu_SNECVI2paplIpfu2DDD8l4h5bBF7Fy7U','2025-08-22 14:19:08.042718'),('qvvmrpfotxub7h0itecmeuudg2hfwipw','.eJxVjEEKwyAQAP_iuYhGF7XH3vsGWbNrTVsUYnIK_XsRcmivM8McIuK-lbh3XuNC4iqsEZdfmHB-cR2GnlgfTc6tbuuS5Ejkabu8N-L37Wz_BgV7GV835WySJ0saWWEAo7MHTSo75cmEzGDBZAhqUppZgdXGeYc-eZtsEJ8v_us3Ug:1umdEb:O7seAPpc1LpD0SBuwclqfIg7faKX2ox1L7bJPCyWpsE','2025-08-14 19:13:33.475230'),('r3sa0gpsvy7l16l4q6kazfwet4fde4c5','.eJxVjMsOwiAQRf-FtSFMy0Ncuu83kBkGpGogKe3K-O_apAvd3nPOfYmA21rC1tMSZhYXMYrT70YYH6nugO9Yb03GVtdlJrkr8qBdTo3T83q4fwcFe_nW1mjMEc4qDaiIWAMYb8mppLNhS0guZ4ZRWVDaOSIf1ZA5AqD3MbN4fwDu7jh8:1uqtZg:Yc7OQEPp1nJQuuXgYqtzffkxQh26xZ6MZ8GXXuXFRHE','2025-08-26 13:28:56.747636'),('r5203co23yhscyag4b90ith84yyh6fat','.eJxVjDsOwjAQBe_iGlms_6Gk5wzRrr3GAWRLcVIh7o4spYD2zcx7ixn3rcx753VekrgImMTpdySMT66DpAfWe5Ox1W1dSA5FHrTLW0v8uh7u30HBXkad2ClgiF5Dzso7sBOFQFk7VhTJgmdCnSGAyRZUYkM5KDwnMOzQis8XHQI4jw:1upZHr:95XptDK3m4z8_idfQjvk58786LvnVSNw_ZoeUUc3PXk','2025-08-22 21:37:03.686386'),('ravel8sxspm4y9ssnswhgqqw7bh0jim0','.eJxVjDsOwjAQBe_iGllO1r-lpOcM1npt4wBypDipEHeHSCmgfTPzXiLQttaw9byEKYmzsKM4_Y6R-JHbTtKd2m2WPLd1maLcFXnQLq9zys_L4f4dVOr1W_viwVlGp8BoMCZSjh6pIHpNzicPZUCbCItjBU6T4iHbaK2DkcmgeH8A9ew3ow:1umIw3:7aCBH3O-ppsabFXdOXcZ6Cdk3WophpoCOoAE7Q0DsKs','2025-08-13 21:33:03.435103'),('s352h1lf40t0s7nl9racpnjeeqwah5r3','.eJxVjDsOwjAQBe_iGllO1r-lpOcM1npt4wBypDipEHeHSCmgfTPzXiLQttaw9byEKYmzsKM4_Y6R-JHbTtKd2m2WPLd1maLcFXnQLq9zys_L4f4dVOr1W_viwVlGp8BoMCZSjh6pIHpNzicPZUCbCItjBU6T4iHbaK2DkcmgeH8A9ew3ow:1urNh2:i_b7zHWQsE2R1vuUXUXPLTYOwcGA_Hy6harUfVva8MQ','2025-08-27 21:38:32.180659'),('s35bjifrwjz31l404z2ydvi3gv4yjq4h','.eJxVjDsOwyAQRO9CHSE-wrAp0-cM1sIuwUkEkrErK3ePLblIqpHmvZlNjLguZVw7z-NE4iq0E5ffMmJ6cT0IPbE-mkytLvMU5aHIk3Z5b8Tv2-n-HRTsZV8rh5gYUFtyPgQLTB6scZEZgazOKYJSQ9SK9jQBzJC9YoisMuyO-HwBES04bQ:1uqyvB:GC6QPi5hNdq-OgGwbUaMYmLatUFLpslzYQj6S2jXc8k','2025-08-26 19:11:29.862025'),('s4p3m6kxkogcldlaa8zbp68pl3xlvxvj','.eJxVjEEOgjAQRe_StWkYplDq0r1nINOZqaCmTSisjHdXEha6_e-9_zIjbes0blWXcRZzNh2a0-8YiR-adyJ3yrdiueR1maPdFXvQaq9F9Hk53L-Dier0rTkFkL4BZUDvAoQETWToFX1Eh-SGtk8cPCdNXuIg0EEi9OqkaYGieX8ACWk4YA:1us2GW:BdF2BnFFznpozX4qU4VdvTIDF5N9TPVrBPvvZMKQmjo','2025-08-29 16:57:52.204035'),('sejbtecwjysvwyr2jmxpq5i01dmleyot','.eJxVjDsOwjAQBe_iGllO1r-lpOcM1npt4wBypDipEHeHSCmgfTPzXiLQttaw9byEKYmzsKM4_Y6R-JHbTtKd2m2WPLd1maLcFXnQLq9zys_L4f4dVOr1W_viwVlGp8BoMCZSjh6pIHpNzicPZUCbCItjBU6T4iHbaK2DkcmgeH8A9ew3ow:1utAzT:4lEUgyPRfCrUBGRbz83Yu_egTlLhyAJrTta47Ym805Y','2025-09-01 20:28:59.436683'),('slwrlmuffcjpxqse8qwy6vbipgyjrxme','.eJxVjMsOwiAQRf-FtSFMy0Ncuu83kBkGpGogKe3K-O_apAvd3nPOfYmA21rC1tMSZhYXMYrT70YYH6nugO9Yb03GVtdlJrkr8qBdTo3T83q4fwcFe_nW1mjMEc4qDaiIWAMYb8mppLNhS0guZ4ZRWVDaOSIf1ZA5AqD3MbN4fwDu7jh8:1uriGh:ArVb6M4030-GF00_Wj1Y3cXPFba08p3kxyIw6VoyNjo','2025-08-28 19:36:43.278187'),('sm03mshvnvgwfwfd17iq6p46lts1s356','.eJxVjMsOwiAUBf-FtSG8Cy7d9xvIBS5SNZCUdmX8d2nShW5n5pw38bBvxe8dV78kciWckcsvDBCfWA-THlDvjcZWt3UJ9EjoaTudW8LX7Wz_Dgr0MtY6gZyMksqEILhxQhvMSRjGBwVlnRUJNCCPw1ucstNZS8mMdtZCQPL5AuetN4M:1umYWD:pNooxUH6E7qL91eke5BoGDZSF3bjq-QbGcM9jWmwBME','2025-08-14 14:11:25.381191'),('szakf91ukw7nunbgh2lofhfrxk0su0pa','.eJxVjDkOwjAUBe_iGllecUJJnzNYf7FxANlSnFSIu0OkFNC-mXkvEWFbS9x6WuLM4iKCFaffEYEeqe6E71BvTVKr6zKj3BV50C6nxul5Pdy_gwK9fGtPFrVXJiAF0szKjJ7QG3bZqXP2bkA9Gpt1BmWyBXTB5uQsuYETkBfvDwadOFM:1uqwr3:__lUkrF60q-qeASvyXqcSuF8fLDkHR0IPBS5st2X6vU','2025-08-26 16:59:05.133547'),('szx3gkw2sbxem7f6o200evr10w5mufo7','.eJxVjDsOwjAQBe_iGln-xbumpM8ZrLXXxgGUSPlUiLuTSCmgfTPz3iLStra4LWWOA4ur8EpcfsdE-VnGg_CDxvsk8zSu85DkociTLrKfuLxup_t30Ghpe22dMpYBAmJFYwE0sXOdqQF1hzvNCkhbyNWmDBaQ0FVG9gGrIvLi8wXK1DcD:1up5JB:F2D7U7-b5nLCOJxDxCaoSkxAkrF59_TqLdglamdU3lI','2025-08-21 13:36:25.713477'),('t7s6fcsq6yeczc7ksygue9lob9gh56vg','.eJxVjDsOwjAQBe_iGln-b0xJzxks766NAyiW8qkQd4dIKaB9M_NeIuVtbWlbypxGFmfhojj9jpjpUaad8D1Pty6pT-s8otwVedBFXjuX5-Vw_w5aXtq3Rh9NQdQGgkOrB2APUSuKCgz5AsZWzjiAt9pHZ2pQCAEVkdVMlUG8P_DCN60:1uopzt:iQ374YcOYCG6sM9MUGvFjvWEvDZcX4Xw9YIVZF7KGYs','2025-08-20 21:15:29.884880'),('t84uyfncz3vkva0e3nvfth1hf2reynbr','.eJxVjDsOwjAQBe_iGlms_6Gk5wzRrr3GAWRLcVIh7o4spYD2zcx7ixn3rcx753VekrgImMTpdySMT66DpAfWe5Ox1W1dSA5FHrTLW0v8uh7u30HBXkad2ClgiF5Dzso7sBOFQFk7VhTJgmdCnSGAyRZUYkM5KDwnMOzQis8XHQI4jw:1us1bb:rBK0Kr9ruffq-8CRM_C_rLaaV6zpBM0r7JHaJYmIXww','2025-08-29 16:15:35.942809'),('ttzdhov9wictjc23zt0kbp1zl0mn4nzb','.eJxVjDsOwjAQBe_iGllO1r-lpOcM1npt4wBypDipEHeHSCmgfTPzXiLQttaw9byEKYmzsKM4_Y6R-JHbTtKd2m2WPLd1maLcFXnQLq9zys_L4f4dVOr1W_viwVlGp8BoMCZSjh6pIHpNzicPZUCbCItjBU6T4iHbaK2DkcmgeH8A9ew3ow:1umwo3:RQo2nSClxnqamnNDHuplKr-a7nnsZ4n9jXQTHM6Frhg','2025-08-15 16:07:27.573566'),('tx1l34ge5lfu29u3mn4nm8n0ri9yx8ny','.eJxVjE0OwiAYBe_C2hAoIODSvWcg3w-VqoGktCvj3W2TLnT7Zua9RYJ1KWnteU4Ti4swTpx-RwR65roTfkC9N0mtLvOEclfkQbu8Nc6v6-H-HRToZavRBdJhGBC8VYSkMoMJjJGNslkxxNF645GsIaBRaWXARZ3PAclvpfh8ASO7OK4:1upSfG:Rv_MKHkC_bP8Ty71NhLlxUNvJTMdD3WQtxmrfBx0js8','2025-08-22 14:32:46.167026'),('u16b10e3sfar36nifxmqehranfzjhx93','.eJxVjMsOwiAQRf-FtSEDQ4W6dN9vIDM8pGogKe3K-O_apAvd3nPOfQlP21r81tPi5yguQonT78YUHqnuIN6p3poMra7LzHJX5EG7nFpMz-vh_h0U6uVb66SssYPjMzsGjDCyymAshxyRkUY3gDUmAwIagqgdUgCVmAwGq5N4fwDPhTeA:1ujeYu:j7HqoI1_bwh8lVGQekQ1YIDkoWARg08B3kaEK8egjRY','2025-08-06 14:02:12.741167'),('u620tidqx9vtsluaukeb4r3z7a2ktmxf','.eJxVjDsOwjAQBe_iGllO1r-lpOcM1npt4wBypDipEHeHSCmgfTPzXiLQttaw9byEKYmzsKM4_Y6R-JHbTtKd2m2WPLd1maLcFXnQLq9zys_L4f4dVOr1W_viwVlGp8BoMCZSjh6pIHpNzicPZUCbCItjBU6T4iHbaK2DkcmgeH8A9ew3ow:1up70i:LvBzAXjJTXNddmRzSm74DSRTvogi7Naz9nttBj0RCdc','2025-08-21 15:25:28.241362'),('ucjyxeyl72rqph7zd12t2e7g3rrfvrkw','.eJxVjDsOwyAQRO9CHSGM-W3K9D4DgmUJTiKQjF1FuXtsyUVSjTTvzbyZD9ta_NZp8XNiVyaBXX7LGPBJ9SDpEeq9cWx1XebID4WftPOpJXrdTvfvoIRe9vWYjXNCa2OFQRDoIFukLEmhkCaCGoAUjCnbrIGSDpCc1QMaGPWewD5f8403WA:1utBGp:BngMrBh_nDFqN3EpjUWt9N1rqdOP2UOpfjr6vCGP9EY','2025-09-01 20:46:55.816884'),('uo08gzau62lcm2qj5cbszlufacc5asdp','.eJxVjEEOwiAQRe_C2pBhgFJcuu8ZyDCgVA0kpV0Z765NutDtf-_9lwi0rSVsPS9hTuIsnBGn3zESP3LdSbpTvTXJra7LHOWuyIN2ObWUn5fD_Tso1Mu31l5lY6JCzqRAjckQOPDKZfTpOhAxYoRogXGwpB2bOBJ6BLaarGfx_gD7Bjez:1urfyi:zPc02FW3dO9-W2IhkpIBFehMUkko7YZnZGMIbl2-x0g','2025-08-28 17:10:00.444995'),('uprergf0w1y47vyjvgtaaebhzz7m8o3d','.eJxVjEEOwiAQRe_C2pCZIjBx6d4zkAEGqRqalHbVeHdt0oVu_3vvbyrwutSwdpnDmNVFIanT7xg5PaXtJD-43SedprbMY9S7og_a9W3K8roe7t9B5V6_tXg2CYgH4jNHD75EACPWsQFwYhOCyziA48JIxRoE9MTJSpFCYNT7AwVjN-E:1urHG7:92G6ZCt5mEVWFvfzTEfWNwADZoh2Ad8hUvUMJQa9FlY','2025-08-27 14:46:19.436978'),('usritjjq9ak3e9617llg1i31yexlijef','.eJxVjEEOwiAQRe_C2hAYQKhL9z0DmWFAqoYmpV0Z765NutDtf-_9l4i4rTVuPS9xYnERWpx-N8L0yG0HfMd2m2Wa27pMJHdFHrTLceb8vB7u30HFXr-1Cinls2FDGpRPFoALgidtzZA1YAikCrDDQRkOSYMlR0GjsiU7H0C8P9xdN4U:1t4M6H:CLASaiWaAJusMpVeBb9oXPAZ5IZdbyXWk_S-Q36osk8','2024-10-25 15:29:41.432678'),('utgagwszvi8cvbs58kvgl3gtm5zm27ay','.eJxVjDsOwjAQBe_iGllO1r-lpOcM1npt4wBypDipEHeHSCmgfTPzXiLQttaw9byEKYmzsKM4_Y6R-JHbTtKd2m2WPLd1maLcFXnQLq9zys_L4f4dVOr1W_viwVlGp8BoMCZSjh6pIHpNzicPZUCbCItjBU6T4iHbaK2DkcmgeH8A9ew3ow:1upBt0:CtWfx7gvxpH31E1xNucYyH8w9xcOksZJufhhDMKK-tw','2025-08-21 20:37:50.184397'),('uvjstr1otxa8keogl6rj5lssuq1tjv4a','.eJxVjLsOwjAMAP8lM4oalyQOI3u_IbJrlxZQIvUxIf4dKnWA9e50L5NpW8e8LTrnSczFeDSnX8jUP7TsRu5UbtX2tazzxHZP7GEX21XR5_Vo_wYjLeP-hcTRUxqodV4Su6jUQkASbhGcYMRmOH-pEkgDjbI6DhQSAHiPwbw_BpU3qQ:1umwDY:Ds1noVMk-QkOgbJaGz4BXFlmaBnvCQhyLAF--gTd_v8','2025-08-15 15:29:44.662321'),('uy4hsc4ahhgca06gmewys9hhjgp76xjp','.eJxVjMsOwiAQRf-FtSHyBpfu-w1kmAGpGkhKuzL-uzbpQrf3nHNfLMK21riNvMSZ2IVpzU6_YwJ85LYTukO7dY69rcuc-K7wgw4-dcrP6-H-HVQY9VsbY6QuRGSKslA0iJCcQF18OIPHoigJDF4GRCFF8FaRsQhOORe8M8TeHxTRN_g:1umd90:Zz4evkMTegdSVHtR3td89RMF91I-HynjQLOdcHhTGLI','2025-08-14 19:07:46.101951'),('v2hkce91v0ezxd44s6t4a9efcuxal6b3','.eJxVjDsOwjAQBe_iGllO1r-lpOcM1npt4wBypDipEHeHSCmgfTPzXiLQttaw9byEKYmzsKM4_Y6R-JHbTtKd2m2WPLd1maLcFXnQLq9zys_L4f4dVOr1W_viwVlGp8BoMCZSjh6pIHpNzicPZUCbCItjBU6T4iHbaK2DkcmgeH8A9ew3ow:1urLaX:eSGA_UYRHjHUicED2ZpyO4WkvdyhkHalOsciXHp5YiA','2025-08-27 19:23:41.859385'),('vas4gpye8c2lznwzyb9pbglfwa6ptjxr','.eJxVjEEOwiAQRe_C2hAYQKhL9z0DmWFAqoYmpV0Z765NutDtf-_9l4i4rTVuPS9xYnERWpx-N8L0yG0HfMd2m2Wa27pMJHdFHrTLceb8vB7u30HFXr-1Cinls2FDGpRPFoALgidtzZA1YAikCrDDQRkOSYMlR0GjsiU7H0C8P9xdN4U:1tx7GK:Vso9CBqA0DJnY6bbHNCcsx_6LTcZV9i6aly1VPTplyY','2025-03-25 16:46:24.735225'),('vb70d5zsjepe3cnnirqqlamixbysxh4k','.eJxVjDsOwjAQBe_iGllO1r-lpOcM1npt4wBypDipEHeHSCmgfTPzXiLQttaw9byEKYmzsKM4_Y6R-JHbTtKd2m2WPLd1maLcFXnQLq9zys_L4f4dVOr1W_viwVlGp8BoMCZSjh6pIHpNzicPZUCbCItjBU6T4iHbaK2DkcmgeH8A9ew3ow:1urIR2:lcz77IE9Qw1HyUS2729iuwz4aAA2ewgRpX0n6_mbUPI','2025-08-27 16:01:40.190528'),('vdlwzmjxdkfrthykcnw5l28pwolosa5x','.eJxVjMsOwiAQRf-FtSEDQ4W6dN9vIDM8pGogKe3K-O_apAvd3nPOfQlP21r81tPi5yguQonT78YUHqnuIN6p3poMra7LzHJX5EG7nFpMz-vh_h0U6uVb66SssYPjMzsGjDCyymAshxyRkUY3gDUmAwIagqgdUgCVmAwGq5N4fwDPhTeA:1uMngK:tnT5a-AJ97skEkddV8ankSU2inB4d2qdnXm6IK8x9g8','2025-06-04 13:07:24.279205'),('vlgnxyotimmfknoe5qioeow9imex0vlw','.eJxVjEsOwjAMBe-SNYqcyGltluw5Q-Q0Di2gROpnhbg7VOoCtm9m3stE2dYxbovOccrmbHwwp98xyfDQupN8l3prdmh1nadkd8UedLHXlvV5Ody_g1GW8VsTMxTqAqOSQyHoAFISYK_qsEAQJHQIOkAPpSf2Ap1Hzj7nQo7N-wPaPDbv:1uqdOJ:UVtjnakV-IsGxhq5xtqrGyDRtGUjZxhnzD_Exvijogs','2025-08-25 20:12:07.902281'),('vq9ju4iqvd2e7xejapr7leymx30egt7u','.eJxVjEEOwiAQRe_C2hCmrTC4dO8ZyAwMUjU0Ke3KeHfbpAvdvvf-f6tA61LC2mQOY1IXBYM6_UKm-JS6m_Sgep90nOoyj6z3RB-26duU5HU92r-DQq1sayuOs3UesMuIxNB7cGItnQlTb5LlwWUnzor3kTJyl41hgQSRN4zq8wUK_TiH:1urNOJ:8NO2zPYUc_E-Y6-e5fd0FwGKsp62q6ovY-nvaapckXY','2025-08-27 21:19:11.027535'),('vupcs2vt67zb63rzzh41mprn57cy8dym','.eJxVjDsOwjAQBe_iGlms_6Gk5wzRrr3GAWRLcVIh7o4spYD2zcx7ixn3rcx753VekrgImMTpdySMT66DpAfWe5Ox1W1dSA5FHrTLW0v8uh7u30HBXkad2ClgiF5Dzso7sBOFQFk7VhTJgmdCnSGAyRZUYkM5KDwnMOzQis8XHQI4jw:1upX0P:XZ7op4dGmoBe1DKnbImLlBxpVyql-S_ZWwhEBLKUmrk','2025-08-22 19:10:53.630580'),('vy2kcrg3j7yfr5rzh20tf4hwt89m99t5','.eJxVjDsOwjAQBe_iGlmOvf6Ekj5nsHb9wQFkS3FSIe5OIqWAdmbeezOP21r81tPi58iuzGp2-YWE4ZnqYeID673x0Oq6zMSPhJ-286nF9Lqd7d9BwV72tREKJQ0otCTrcqAMgxqzUeRASq0zZCIZchKkRAQNIKwVzu0sahgN-3wBAjg3nA:1upXgI:LOJrjdQvrpky903EnIDtb6Nog1eptisJ3iuRs4S0BTo','2025-08-22 19:54:10.886830'),('w8ck4erxkys3eiwgays4zm5z0ns8p6dz','.eJxVjEEOwiAQRe_C2hAYoFCX7j0DYYZBqoYmpV0Z765NutDtf-_9l4hpW2vcOi9xyuIsvBan3xETPbjtJN9Tu82S5rYuE8pdkQft8jpnfl4O9--gpl6_NQIzGY2KHQ7KYTAQrFE8estFW7QjqiEkRu9zAEUKCKAgOCjFEAXx_gAKSDgm:1up8PT:EQ89JE3Ej9upQCPDUH28iud97rFNK8dYY5P0yM1QYTg','2025-08-21 16:55:07.775817'),('wgfkc4ea47cmp6dc1ly2upnc36srl6kg','.eJxVjDsOwjAQBe_iGln-xbumpM8ZrLXXxgGUSPlUiLuTSCmgfTPz3iLStra4LWWOA4ur8EpcfsdE-VnGg_CDxvsk8zSu85DkociTLrKfuLxup_t30Ghpe22dMpYBAmJFYwE0sXOdqQF1hzvNCkhbyNWmDBaQ0FVG9gGrIvLi8wXK1DcD:1umav4:a46daxafwq84iZn6BCoghFAr0o8Gn0WEPoyN1x1Mk40','2025-08-14 16:45:14.766533'),('wxng3g1qa655w2p1dakwvexlkac6oupk','.eJxVjDsOwjAQBe_iGln-b0xJzxks766NAyiW8qkQd4dIKaB9M_NeIuVtbWlbypxGFmfhojj9jpjpUaad8D1Pty6pT-s8otwVedBFXjuX5-Vw_w5aXtq3Rh9NQdQGgkOrB2APUSuKCgz5AsZWzjiAt9pHZ2pQCAEVkdVMlUG8P_DCN60:1uqZbS:ssXh9pjA5PJrtHOfJMWBBu3sMY9-gZvwFzYcY-yqOQ0','2025-08-25 16:09:26.009175'),('wy9kjv8jgda4px0gqsniolwmyxhr1kax','.eJxVjEEOwiAQRe_C2pBhgFJcuu8ZyDCgVA0kpV0Z765NutDtf-_9lwi0rSVsPS9hTuIsnBGn3zESP3LdSbpTvTXJra7LHOWuyIN2ObWUn5fD_Tso1Mu31l5lY6JCzqRAjckQOPDKZfTpOhAxYoRogXGwpB2bOBJ6BLaarGfx_gD7Bjez:1upXDc:OMPkeCUf2PIgqhkQhoucQKi7BnwSOl7kTrKxtpbmvEk','2025-08-22 19:24:32.751407'),('xiii1e4ikzggt18f34hkqcsd2kt9xg69','.eJxVjDsOwjAQBe_iGlms_6Gk5wzRrr3GAWRLcVIh7o4spYD2zcx7ixn3rcx753VekrgImMTpdySMT66DpAfWe5Ox1W1dSA5FHrTLW0v8uh7u30HBXkad2ClgiF5Dzso7sBOFQFk7VhTJgmdCnSGAyRZUYkM5KDwnMOzQis8XHQI4jw:1urzRT:84afILW8WKXQShEMkCgbZFAKDcwepiIVjCdjOaTG998','2025-08-29 13:56:59.337120'),('y2evt9xwghef0gi0lpzztcv68tacaty2','.eJxVjDsOwyAQRO9CHSE-wrAp0-cM1sIuwUkEkrErK3ePLblIqpHmvZlNjLguZVw7z-NE4iq0E5ffMmJ6cT0IPbE-mkytLvMU5aHIk3Z5b8Tv2-n-HRTsZV8rh5gYUFtyPgQLTB6scZEZgazOKYJSQ9SK9jQBzJC9YoisMuyO-HwBES04bQ:1umxgj:FK2vmzww9pepVmF4AiuVpb_j09FMmU5sjgWZE8rNZ1k','2025-08-15 17:03:57.884450'),('y67h3m0yl61apca9wxdmixgm1hwdcy0p','.eJxVjEEOwiAQRe_C2pBhgFJcuu8ZyDCgVA0kpV0Z765NutDtf-_9lwi0rSVsPS9hTuIsnBGn3zESP3LdSbpTvTXJra7LHOWuyIN2ObWUn5fD_Tso1Mu31l5lY6JCzqRAjckQOPDKZfTpOhAxYoRogXGwpB2bOBJ6BLaarGfx_gD7Bjez:1upUJN:XRVcsTWCIj8Yrp6LhJ2A581T934FjIxdN2GrP2uzgqk','2025-08-22 16:18:17.898486'),('y6uqi1gulow6ajfvaoqg4mnhil6f8pq4','.eJxVjEEOwiAQRe_C2pBhgFJcuu8ZyDCgVA0kpV0Z765NutDtf-_9lwi0rSVsPS9hTuIsnBGn3zESP3LdSbpTvTXJra7LHOWuyIN2ObWUn5fD_Tso1Mu31l5lY6JCzqRAjckQOPDKZfTpOhAxYoRogXGwpB2bOBJ6BLaarGfx_gD7Bjez:1ut4IO:B-hIB6XOL4owUfsiLiCGnWGSRc0b2eUn_gntIHyCCYs','2025-09-01 13:20:04.666200'),('yfdgf5gqpy1py4hrc7qwv29pt1qc4h8u','.eJxVjE0OwiAYBe_C2hAoIODSvWcg3w-VqoGktCvj3W2TLnT7Zua9RYJ1KWnteU4Ti4swTpx-RwR65roTfkC9N0mtLvOEclfkQbu8Nc6v6-H-HRToZavRBdJhGBC8VYSkMoMJjJGNslkxxNF645GsIaBRaWXARZ3PAclvpfh8ASO7OK4:1us179:wHkkAvs3KeiABOPtyLNRP3BFAvxYIMqJ2WSlF3Jlo_0','2025-08-29 15:44:07.047226'),('yhae5irww2r0lzlzndiklpct2gkpmrz2','.eJxVjDsOwjAQBe_iGllO1r-lpOcM1npt4wBypDipEHeHSCmgfTPzXiLQttaw9byEKYmzsKM4_Y6R-JHbTtKd2m2WPLd1maLcFXnQLq9zys_L4f4dVOr1W_viwVlGp8BoMCZSjh6pIHpNzicPZUCbCItjBU6T4iHbaK2DkcmgeH8A9ew3ow:1uqWiT:gXXKgpV_JuLnkixCgKslL0yAx3yi8RGO6bLd9Qs2nyk','2025-08-25 13:04:29.678314'),('yxrciko9fx8606xcz6cmh9d6hl09uoz4','.eJxVjDsOwjAQBe_iGllO1r-lpOcM1npt4wBypDipEHeHSCmgfTPzXiLQttaw9byEKYmzsKM4_Y6R-JHbTtKd2m2WPLd1maLcFXnQLq9zys_L4f4dVOr1W_viwVlGp8BoMCZSjh6pIHpNzicPZUCbCItjBU6T4iHbaK2DkcmgeH8A9ew3ow:1us5CT:pGnRxEKwyrlmF3q5esE4dza_6lf56BUeCNOPT1GS68M','2025-08-29 20:05:53.408422'),('z5hemkayzgi8pvngk9f86s8po4hbuks7','.eJxVjDsOwyAQRO9CHSE-wrAp0-cM1sIuwUkEkrErK3ePLblIqpHmvZlNjLguZVw7z-NE4iq0E5ffMmJ6cT0IPbE-mkytLvMU5aHIk3Z5b8Tv2-n-HRTsZV8rh5gYUFtyPgQLTB6scZEZgazOKYJSQ9SK9jQBzJC9YoisMuyO-HwBES04bQ:1urHwn:JjY9DNkfqscLlJj98L0-SqJ2h0HWMYXQ65GF4Y6g42A','2025-08-27 15:30:25.662598'),('z8ril66rgwawgj3hjky3ehe7a1vphihn','.eJxVjDsOwjAQBe_iGlms_6Gk5wzRrr3GAWRLcVIh7o4spYD2zcx7ixn3rcx753VekrgImMTpdySMT66DpAfWe5Ox1W1dSA5FHrTLW0v8uh7u30HBXkad2ClgiF5Dzso7sBOFQFk7VhTJgmdCnSGAyRZUYkM5KDwnMOzQis8XHQI4jw:1us2Fz:SitKOq_OUsCZtx6jz6Z2hN6cVBfgpGY1T-dEHgboYCE','2025-08-29 16:57:19.068841'),('zchs1c5lrsyieom8ls59upv68hwn2cs0','.eJxVjEEOgjAQRe_StWkYplDq0r1nINOZqaCmTSisjHdXEha6_e-9_zIjbes0blWXcRZzNh2a0-8YiR-adyJ3yrdiueR1maPdFXvQaq9F9Hk53L-Dier0rTkFkL4BZUDvAoQETWToFX1Eh-SGtk8cPCdNXuIg0EEi9OqkaYGieX8ACWk4YA:1uqXve:SIZfpUnIvBOGKIb_y3BuaQtPRJua9asWjZaSZD7sn7Q','2025-08-25 14:22:10.475418'),('zdk7db0813lkwv0q6tympurn2bctd5mi','.eJxVjDkOwjAUBe_iGllecUJJnzNYf7FxANlSnFSIu0OkFNC-mXkvEWFbS9x6WuLM4iKCFaffEYEeqe6E71BvTVKr6zKj3BV50C6nxul5Pdy_gwK9fGtPFrVXJiAF0szKjJ7QG3bZqXP2bkA9Gpt1BmWyBXTB5uQsuYETkBfvDwadOFM:1uqz0h:7K7jmwqCCh3CFjVdNj4Cj1pQIjhXGdOniqo0MgTFu6w','2025-08-26 19:17:11.704289'),('zhiwz0j4qwpizgd8z98dlapvr5g0xo20','.eJxVjDsOwyAQBe9CHSH-4JTpfQa0sEtwEmHJ2FWUu0dILpL2zcx7swjHXuPRaYsLsivTml1-xwT5SW0QfEC7rzyvbd-WxIfCT9r5vCK9bqf7d1Ch11GbIARMVCYRkrLWe0WmlOxJGB2CVNalAM5lqbwRpCUaqzBJQNQlYWafL_M7OAE:1umdSr:2coeFMDPoyvanfIgOJ4DHV_Dmg5diGvmTdAjNR6wQdQ','2025-08-14 19:28:17.601278'),('zlb1pq9xirvu4gtlbbk83eu4b1inma1t','.eJxVjEEOwiAQRe_C2pBhgFJcuu8ZyDCgVA0kpV0Z765NutDtf-_9lwi0rSVsPS9hTuIsnBGn3zESP3LdSbpTvTXJra7LHOWuyIN2ObWUn5fD_Tso1Mu31l5lY6JCzqRAjckQOPDKZfTpOhAxYoRogXGwpB2bOBJ6BLaarGfx_gD7Bjez:1umva3:LnJJaNX4K-TCc6wXJFu4rprdbrVaP_14rRLRMs2CvDU','2025-08-15 14:48:55.340688');
/*!40000 ALTER TABLE `django_session` ENABLE KEYS */;
UNLOCK TABLES;

--
-- Table structure for table `requerimientos_detallerequerimiento`
--

DROP TABLE IF EXISTS `requerimientos_detallerequerimiento`;
/*!40101 SET @saved_cs_client     = @@character_set_client */;
/*!50503 SET character_set_client = utf8mb4 */;
CREATE TABLE `requerimientos_detallerequerimiento` (
  `id` bigint NOT NULL AUTO_INCREMENT,
  `comentario` longtext NOT NULL,
  `fecha` datetime(6) NOT NULL,
  `adjunto` varchar(100) DEFAULT NULL,
  `usuario_id` bigint NOT NULL,
  `requerimiento_id` bigint NOT NULL,
  PRIMARY KEY (`id`),
  KEY `requerimientos_detal_usuario_id_a8729853_fk_users_use` (`usuario_id`),
  KEY `requerimientos_detal_requerimiento_id_1d5c36f4_fk_requerimi` (`requerimiento_id`),
  CONSTRAINT `requerimientos_detal_requerimiento_id_1d5c36f4_fk_requerimi` FOREIGN KEY (`requerimiento_id`) REFERENCES `requerimientos_requerimiento` (`id`),
  CONSTRAINT `requerimientos_detal_usuario_id_a8729853_fk_users_use` FOREIGN KEY (`usuario_id`) REFERENCES `users_user` (`id`)
) ENGINE=InnoDB AUTO_INCREMENT=121 DEFAULT CHARSET=utf8mb4 COLLATE=utf8mb4_0900_ai_ci;
/*!40101 SET character_set_client = @saved_cs_client */;

--
-- Dumping data for table `requerimientos_detallerequerimiento`
--

LOCK TABLES `requerimientos_detallerequerimiento` WRITE;
/*!40000 ALTER TABLE `requerimientos_detallerequerimiento` DISABLE KEYS */;
INSERT INTO `requerimientos_detallerequerimiento` VALUES (1,'Cordial saludo, se realiza el ajuste requerido, por favor revisar y cualquier novedad o inconveniente nos informa por este mismo medio.','2025-08-13 21:22:59.099912','',62,1),(2,'Se dio respuesta y solucin a lo solicitado','2025-08-13 22:02:47.805032','',53,1),(3,'Buenos das, se realiza explicacin de reporte 138 para visualizacin de la informacin solicitada. Quedo atento al cierre de requerimiento.','2025-08-14 14:37:37.622757','',19,2),(4,'se dio respuesta a la solicitud ','2025-08-14 14:46:52.455698','',32,2),(5,'Cordial saludo compaero, ser que nos puede decir de que corte necesita el plano.','2025-08-14 16:16:31.350331','',62,3),(6,'CON CORTE AL MES ANTERIOR ES DECIR MES DE JULIO DE 2025','2025-08-14 16:32:58.475260','',14,3),(7,'cordial saludo, se hace envio de la informacin solicitada, tener encuentra que se enva encriptada por lo cual a su WhatsApp personal se enva la contrasea de desencriptacin, cualquier duda nos la comenta y si el envio de esta respuesta soluciona su requerimiento por favor marcar como cerrado el caso, quedamos atentos a cualquier informacin.','2025-08-14 19:28:28.419445','adjuntos/plano_juridicos.zip',62,3),(8,'Cordial saludo se monta caso en la mesa de ayuda de visionamos con el siguiente numero Caso N 131784 / IM-131784-1-73861, se estar informando cualquier novedad respecto al caso','2025-08-15 14:09:19.427406','',62,4),(9,'Cordial saludo nos responden de visionamos lo siguiente \r\n\r\n\"Cordial saludo,\r\n\r\nEn el pantallazo no muestra que el error este indicando que el usuario quede inactivo o bloqueado, adicional en el fondo se ve como si la persona estuviera ingresando a la app ms no realizando transferencias interbancarias se evidencia que realizo una el 06 de agosto que tuvo novedad en su procesamiento, pero no hay ms intentos.\r\n\r\nSi la persona puede enviar un video de cuando realiza la transaccin que queda en estado bloqueado seria de gran ayuda para validar dicha novedad, porque se evidencia que esta activa con normalidad, o de ser el caso que aclare cual es el inconveniente puntual.\r\n\r\nQuedo atenta. \" \r\n\r\npara que por favor contacte al asociado y realizar los respectivos soportes o informarnos por este medio si el caso ya se soluciono para informar a visionamos y darle cerrar a este caso gracias','2025-08-15 14:11:16.005772','',62,4),(10,'Cordial saludo compaero, ya se enva personal tcnico especializado para el remplazo del tner, confirmar si se soluciona el inconveniente y darle cerrar caso decir necesario.','2025-08-15 17:00:25.245125','',62,5),(11,'Cordial saludo, se realiza el respectivo cambio de fecha segn lo solicitado, por favor revisar si tiene algn inconveniente nos los hace saber, si por el contrario todo esta correcto, le sugerimos que de por cerrado el caso, quedamos atentos a sus comentarios.','2025-08-15 19:19:36.271450','',62,6),(12,'Buenas tardes, se realiza el reinicio de los servicios.','2025-08-15 19:53:02.190422','',19,5),(13,'OK','2025-08-15 21:09:49.245776','',43,6),(14,'Solucionado...','2025-08-15 22:27:26.577650','',15,5),(15,'se da por cerrado el caso por limite de tiempo','2025-08-19 15:01:10.561546','',62,3),(16,'se procede a cerrar caso ya que se cumple con la respuesta del requerimiento','2025-08-19 15:02:07.108003','',62,7),(17,'Cordial saludo, se procede a cambiar la fecha solicitada, se recomienda verificar y revisar si algo esta mal informar por este mismo medio, de lo contrario esta respuesta soluciona su requerimiento lo invitamos a dar cierre del caso, quedamos atentos a sus comentarios.','2025-08-19 15:03:14.619534','',62,8),(18,'Cordial saludo,\r\nSe realiza alistamiento de tarjetas, cantidad 100. \r\nInicio: 5035\r\nHasta: 6025  \r\nUna vez se realice el despacho se informar.','2025-08-20 16:53:24.448984','',19,9),(19,'se procede a montar caso a la mesa de ayuda de visionamos \r\nCaso IM-132666-1-74247, cualquier novedad la haremos saber por este mismo medio, si desean consultar el estado del caso alli dejo el numero del caso.','2025-08-20 21:16:17.865071','',62,12),(20,'compaera nos confirma si podemos dar apertura de cierre al caso.','2025-08-20 21:17:40.853064','',62,8),(21,'gracias compaero','2025-08-20 21:50:49.075681','',51,4),(22,'Buenos das. el servicio se reestableci el da de ayer, Director de Agencia informo mejora en la conexin a las 4:49 del da 20 de agosto de 2025.','2025-08-21 15:15:32.844050','',19,11),(23,'Cordial saludo, se reestablece el canal de respaldo de internet para conexin por FortiClient. Se estn realizando validaciones del servicio principal con Movistar.','2025-08-21 16:04:03.552881','',19,13),(24,'SE procede a cerrar caso, por cuanto no se ha tenido respuesta por parte del colaborador.','2025-08-21 19:44:06.179157','',62,8),(25,'se procede a cerrar el caso','2025-08-21 19:44:56.517412','',62,11),(26,'Cordial saludo, se hace envio del archivo solicitado con su respectiva encriptacin, la contrasea ser enviada por WhatsApp a la persona encargada. Por favor revisar el archivo, cualquier duda nos la hace saber por este mismo caso, si la solucin planteada satisface las necesidades del requerimiento lo invitamos a dar cierre del caso, quedamos atentos a cualquier novedad.','2025-08-21 19:47:33.537872','adjuntos/base_asociados_activos.zip',62,14),(27,'Cordial saludo, se hace reinicio del servicio de cola de impresin, si la solucin planteada satisface las necesidades del requerimiento la invitamos a dar cierre al caso, de lo contrario nos informa por este mismo medio.','2025-08-21 19:48:54.586439','',62,15),(28,'SE PROCEDE A CERRAR EL CASO','2025-08-21 21:52:31.461849','',62,15),(29,'asociada CHAVES  GILMA YOLANDA-69026218','2025-08-22 14:46:25.474949','',27,19),(30,'Buenos das, se realiza la actualizacin de acuerdo a su solicitud. Favor realizar las respectivas validaciones y cerrar el requerimiento.','2025-08-22 14:48:20.746606','',19,19),(31,'Buenos das, se realiz el escalamiento al proveedor Movistar, donde se informa que se realizo la migracin del servicio de manera exitosa y se observa al da 22 de agosto a las 7am el servicio operativo y funcional. Favor realizar las respectivas validaciones y cerrar el requerimiento.','2025-08-22 14:49:57.153753','',19,13),(32,'se confirma proceso realizado.','2025-08-22 14:52:10.324622','',27,19),(33,'Cordial saludo se enva listado con los asociados de la agencia sibundoy, se enva encriptado, la contrasea se enviara por medio de whatsapp, revisar y si el listado satisface las necesidades expuestas lo invitamos a darle cierre al caso.','2025-08-22 15:12:09.784444','adjuntos/listado_activos.zip',62,16),(34,'Cordial  saludo, la informacin seria la siguiente:\r\ncc: 1118071409  usuario: KGUERR fecha: 3/01/2025\r\ncc: 1125412007  usuario: ACARVA fecha: 03/02/2025\r\ncc: 1120099885  usuario: JVILLA fecha: 05/06/2025\r\n\r\nRevisar la informacin y si todo queda solucionado dar cierre al caso, quedamos atentos.','2025-08-22 15:24:30.652727','',62,17),(35,'Cordial saludo se hace el respectivo cambio de fecha, por favor revisar y si el cambio soluciona lo solicitado lo invitamos a darle cierre al caso. Quedamos atentos.','2025-08-22 15:30:22.535811','',62,18),(36,'Buenos das, se informa que se realizo el envi de las tarjetas el da 21 de agosto de 2025 bajo la gua de INTERRAPIDISIMO nmero 760009239443. Favor realizar el seguimiento, validacin y en cuanto se reciba en la oficina informar para la asignacin de las tarjetas a la agencia.','2025-08-22 16:24:50.019948','',19,9),(37,'Cordial saludo,\r\nDe acuerdo a su solicitud, se informa que el total de llaves activas es de 105 registradas en 88 asociados. \r\nQuedo atento a sus comentarios, en caso de no requerir ms informacin cerrar el requerimiento.','2025-08-22 19:00:10.347709','',19,20),(38,'se procede a cerrar el caso por cuanto el asociado ya pudo solucionar el inconveniente.','2025-08-22 19:06:37.278823','',62,10),(39,'Gracias por la informacin','2025-08-22 19:14:32.596441','',74,20),(40,'Cordial saludo, \r\nSe recomienda que cuando se reporten equipos de computo, impresoras u otros equipos referencien el cdigo del activo asignado por contabilidad o el que tenga en placa del equipo.','2025-08-22 21:27:03.495007','',19,21),(41,'se procede a cerrar el caso.','2025-08-25 12:35:41.530873','',62,18),(42,'se procede a cerrar el caso','2025-08-25 12:35:50.836197','',62,17),(43,'se procede a cerrar el caso','2025-08-25 12:36:08.480186','',62,16),(44,'se procede a cerrar el caso','2025-08-25 12:36:24.861699','',62,14),(45,'Cordial saludo, \r\nSe realiza la creacin del documento al tercero mencionado, favor realizar las respectivas validaciones y cerrar el requerimiento.','2025-08-25 14:46:37.577652','',19,22),(46,'Se cierra requerimiento por servicio funcional y no cierre del director. ','2025-08-25 15:06:34.848441','',19,13),(47,'Cordial saludo, se procede a dar respuesta de lo solicitado, par que por favor revise y una vez confirmado nos de cierre al caso, sino nos informa cualquier inconveniente que tenga.','2025-08-25 16:04:24.475582','',62,23),(48,'Muchas gracias por su colaboracin. ','2025-08-25 16:59:49.152516','',49,23),(49,'Ya se dio tramite y cierre a la solicitud. ','2025-08-25 18:55:42.004579','',53,22),(50,'Se realiza el envi de las tarjetas con numeracin desde 5035 hasta 6025','2025-08-25 19:45:19.081243','',19,9),(51,'SE CONFIRMA RECIBIDO DE 100 TARJETAS DEBITO CON LA NUEMERACION 5035 a 6025','2025-08-25 19:48:54.829237','',37,9),(52,'Buenas tardes. Se realiza la asignacin de tarjetas a la sucursal, favor realizar la validacin y en caso de no tener ms novedades realizar el cierre de requerimiento.','2025-08-25 19:58:53.973255','',19,9),(53,'CORDIAL  saludo, se hace el cambio de fecha solicitado, para que por favor valide y si el cambio fue realizado con xito, le da en el botn de cierre de caso.','2025-08-25 20:15:57.735830','',62,25),(54,'muchas gracias compaeros, los mejores :)','2025-08-26 14:45:36.922228','',25,25),(55,'Cordial saludo, se valida la conexin y se observa acceso normal a la plataforma WorkManager. Favor realizar las respectivas validaciones y cerrar el requerimiento.','2025-08-26 14:51:01.306840','',19,27),(56,'Cordial saludo, de acuerdo a su solicitud. Confirmar si requiere el plano o cantidades por agencia, en caso de requerir plano informar que campos especficos se deben agregar.','2025-08-26 14:52:33.476717','',19,26),(57,'SE PROCEDE A CERRAR EL CASO','2025-08-26 19:02:54.655888','',62,9),(58,'SE PROCEDE A CERRAR CASO','2025-08-26 19:07:43.000050','',62,27),(59,'Cordial saludo, se hace el cambio de fecha solicitado, por favor revisar y si tiene inconvenientes nos los hace saber, sino le pedimos que nos colabore con el cierre del caso, quedamos atentos.','2025-08-26 19:14:54.775426','',62,29),(60,'Buenas tardes, se recomienda realiza un descargue local completo de la informacin para proceder a eliminar todo lo almacenado en el OneDrive. Favor realizar la respectiva copia para realice el cargue de la informacin nuevamente.','2025-08-26 19:25:23.746786','',19,30),(61,'SOLICITUD SUBSANADA','2025-08-26 19:33:08.451109','',58,29),(62,'CIERRE CASO','2025-08-26 19:34:09.196162','',58,29),(63,'Cordial saludo,\r\nSe realiza eliminacin de la firma que afectaba la consulta del asociado. Se sugiere volver a cargar la firma.\r\nQuedo atento, realizar el cierre del requerimiento en caso de que solucione.','2025-08-26 21:28:02.869771','',19,28),(64,'CORDIAL SALUDO SE HACE EL RESPECTIVO CAMBIO DE FECHA, REVISAR Y SI LA RESPUESTA SATISFACE EL REQUERIMIENTO LE DAN CIERRE DE CASO, QUEDAMOS ATENTOS.','2025-08-26 21:45:04.186629','',62,31),(65,'SE VALIDA Y ESTA TODO OK ','2025-08-26 21:45:40.518337','',14,31),(66,'se evidencia solucin al requerimiento','2025-08-26 23:15:08.447082','',73,28),(67,'cordial saludo, se requiere mayor informacin, que campos necesita que se traigan, todos los asociado activos ? sin importar rango de edades , por favor confirmar sino se enviara base con informacin bsica.','2025-08-27 14:48:45.818449','',62,32),(68,'Se genero copia de seguridad local y se desconecta los usuarios de la sincronizacin. Se recomienda cambiar contrasea y borrar copia y conectar nuevamente los usuarios.','2025-08-27 14:49:53.663085','',15,30),(69,'Se genero copia de seguridad local y se desconecta los usuarios de la sincronizacin. Se recomienda cambiar contrasea y borrar copia y conectar nuevamente los usuarios.','2025-08-27 14:50:36.283446','',15,30),(70,'Se genero copia de seguridad local y se desconecta los usuarios de la sincronizacin. Se recomienda cambiar contrasea y borrar copia y conectar nuevamente los usuarios.','2025-08-27 14:56:52.048364','',15,30),(71,'Se genero copia de seguridad local y se desconecta los usuarios de la sincronizacin. Se recomienda cambiar contrasea y borrar copia y conectar nuevamente los usuarios.','2025-08-27 14:56:57.388935','',15,30),(72,'prueba','2025-08-27 14:57:41.518432','',15,30),(73,'Campos requeridos: Correo electrnico, de todas las agencias, de 16 a  60 aos de edad, activos y actualizados a corte de 20 de agosto de 2025','2025-08-27 14:58:25.980424','',74,32),(74,'Campos requeridos: Correo electrnico, de todas las agencias, de 16 a  60 aos de edad, activos y actualizados a corte de 20 de agosto de 2025','2025-08-27 14:58:31.570249','',74,32),(75,'Campos requeridos: Correo electrnico, de todas las agencias, de 16 a  60 aos de edad, activos y actualizados a corte de 27 de agosto de 2025, sin mora mayor a 30 dias los ltimos 6 meses a corte 27 de agosto.','2025-08-27 15:00:27.784132','',74,32),(76,'Campos requeridos: Correo electrnico, de todas las agencias, de 16 a  60 aos de edad, activos y actualizados a corte de 27 de agosto de 2025, sin mora mayor a 30 dias los ltimos 6 meses a corte 27 de agosto.','2025-08-27 15:00:59.635570','',74,32),(77,'Campos requeridos: Correo electrnico, de todas las agencias, de 16 a  60 aos de edad, activos y actualizados a corte de 27 de agosto de 2025, sin mora mayor a 30 dias los ltimos 6 meses a corte 27 de agosto.','2025-08-27 15:01:20.481577','',74,32),(78,'Campos requeridos: Correo electrnico, de todas las agencias, de 16 a  60 aos de edad, activos y actualizados a corte de 27 de agosto de 2025, sin mora mayor a 30 dias los ltimos 6 meses a corte 27 de agosto.','2025-08-27 15:01:57.787679','',74,32),(79,'cordial saludo, se hace el respectivo ajuste, por favor revisar y cualquier cosa nos informa.','2025-08-27 15:36:55.098359','',62,33),(80,'Cordial saludo se procede a revisar y ya se estar informando','2025-08-27 15:39:18.071065','',18,33),(81,'Se da por cerrado el requerimiento, con todos los problemas solucionados conforme a lo solicitado.','2025-08-27 15:45:29.126876','',18,33),(82,'Cordial saludo compaera, llega la siguiente nota de parte de visionamos :\r\n\r\nCordial saludo,\r\n\r\nSe realiza la validacin del caso y se procede con un ajuste interno para corregir la novedad presentada.\r\n\r\nSe recomienda a la entidad indicarle a la persona que vuelva a intentar el ingreso a la nueva app para que termine el modulo de seguridad y genere el ingreso.\r\n\r\nCualquier informacin adicional con mucho gusto ser atendida.\r\n\r\nGracias por confiar en la Red Coopcentral.','2025-08-27 19:13:41.618144','',62,12),(83,'Agradezco la colaboracin prestada, se cierra requerimiento Caso IM-132666-1-74247 con xito. Asociada satisfecha','2025-08-27 20:41:09.950554','',49,12),(84,'solo cantidad de asociados por agencia sin plano','2025-08-27 21:11:48.889176','',29,26),(85,'Cordial saludo, de acuerdo a la novedad reportada se realizar la respectiva validacin y se informara por este medio la solucin correspondiente.','2025-08-27 21:12:52.940516','',19,35),(86,'Cordial saludo, de acuerdo a la novedad reportada se realizar la respectiva validacin y se informara por este medio la solucin correspondiente.','2025-08-27 21:12:59.800719','',19,36),(87,'Cordial saludo, se recuerda que no hay mas novedades respecto al caso, para que por favor nos haga saber si la impresora ya funciono o por el contrario dar la informacin que el compaero Cristian solicitaba, de no recibir respuesta por parte del colaborador se proceder a cerrar el caso, quedamos atentos.','2025-08-27 21:21:28.866258','',62,21),(88,'cordial saludo, se enva archivo con la informacin requerida.','2025-08-27 22:30:29.856860','adjuntos/Base_Asociados_Activos.zip',62,32),(89,'La copia completa, falta conectar el computador de asistente de riesgos','2025-08-28 12:58:19.139767','',15,30),(90,'Buenos das, se realizo el proceso de eliminacin y cargue de informacin nuevamente a Drive, se observa el espacio de almacenamiento normalizado. Se realiz la conexin del equipo Asistente Riesgos normalmente. Favor realizar las validaciones correspondientes y en caso de solucin cerrar el requerimiento.','2025-08-28 15:11:31.375956','',19,30),(91,'Cordial saludo, de acuerdo a su solicitud. Se realiza el envi de 150 tarjetas debito desde 6033  hasta 7528 plstico. Se solicita confirmar por este medio la llegada de las tarjetas para realizar la asignacin e ingreso a su agencia.','2025-08-28 15:35:59.873048','',19,24),(92,'Buenos das, de acuerdo a lo conversado, el usuario ya tenia acceso al reporte solicitado. Se cierra requerimiento. ','2025-08-28 15:37:30.673065','',19,38),(93,'Solucionado... ','2025-08-28 16:13:09.552896','',15,30),(94,'CORDIAL saludo se hace la respectiva modificacin, por favor revisar y cualquier cosa nos comenta, a manera de observacin se nota que el tercero en linix sigue apareciendo como ITP, para que hagan la actualizacin de eso.','2025-08-28 16:13:21.462476','',62,37),(95,'cordial saludo, podra ser un poco mas especifica a que clase de transferencias se refiere, interbancarias, trasfiya , depronto que error le esta saliendo, si pueden anexar un pantallazo o grabar un video para ver en donde se presenta el error, quedamos atentos a los detalles para poder brindarle unas buena solucin.','2025-08-28 16:15:51.360771','',62,39),(96,'Buenos das, de acuerdo a las novedades reportadas. Se informa que el asociado ya excede el limite de transferencias mensual por medio de la app. Por lo tanto, no podr realizar movimientos hasta que inicie el nuevo corte de mes. Se validara la ampliacin de cantidad mensual para todos los asociados. Favor validar la respuesta, informar al asociado y cerrar el requerimiento.','2025-08-28 16:55:47.041306','',19,39),(97,'Buenas tardes, se realizara seguimiento sobre el servicio ya que al momento se observa estabilidad en las conexiones.','2025-08-28 19:39:03.684797','',19,40),(98,'Cordial saludo, de acuerdo a su solicitud se adjunta cantidades de asociados sujetos a amnista de aportes con las respectivas verificaciones.\r\nRealizar la validacin de la informacin y cerrar el requerimiento en caso de cumplir su solicitud.','2025-08-28 22:05:43.238998','adjuntos/AMNISTIA_DE_APORTES.png',19,26),(99,'Cordial saludo, de acuerdo a las validaciones realizadas la impresora tiene en mal estado la pieza de soporte para el paso de las hojas. Teniendo en cuenta su depreciacin y vida til se realizar el retiro del equipo el da 29 de agosto de 2025. \r\nSe solicita realizar el traslado del activo de acuerdo al procedimiento, cmo responsable dejar a CRISTIAN MANUEL ROBLES CC. 1006742709 adjuntar por este medio firmado cmo responsable actual.','2025-08-28 22:15:01.648357','',19,34),(100,'Cordial saludo,\r\nDe acuerdo al seguimiento realizado durante la tarde del 28 de agosto, se observa cadas mnimas del servicio y conexin a LINIX, favor realizar las respectivas validaciones y cerrar el requerimiento.','2025-08-28 22:16:42.488726','',19,40),(101,'SE PROCEDE A CERRAR EL CASO','2025-08-29 13:06:45.519218','',62,32),(102,'Buenos das, teniendo en cuenta el ltimo comentario y los seguimientos realizados al servicio de la agencia se observa normalidad. Se cierra requerimiento. ','2025-08-29 13:44:54.364354','',19,40),(103,'Buenos das, favor validar la ltima respuesta dada y cerrar el requerimiento si la respuesta es acorde a su solicitud.','2025-08-29 13:46:56.801302','',19,39),(104,'Cordial saludo, se hace el respectivo ajuste de fecha, se recomienda que lo revisen y si esta todo bien la invitamos a darle cierre al caso, de lo contrario quedamos atentos a cualquier duda que pudiera haber.','2025-08-29 15:46:04.393047','',62,41),(105,'Cordial saludo','2025-08-29 15:49:14.005096','',62,41),(106,'POR CREAR USUARIO DE MESA DE AYUDA A NINFA JHOJANA CANAMEJOY VILLAMUES CC. 1123308832 ASUARIO: JVILLA\r\njohana1201@gmail.com','2025-08-29 15:57:06.849623','',35,42),(107,'Buenos das, de acuerdo a la llamada telefnica realizada se da solucin al reporte. Favor cerrar el requerimiento si no se tienen ms novedades.','2025-08-29 16:47:18.708920','',19,43),(108,'Fueron recibidas las tarjetas con sus respectivas fundas','2025-08-29 16:47:34.436569','',53,24),(109,'Se hizo la revisin correspondiente.','2025-08-29 16:47:51.872937','',53,43),(110,'Cordial saludo, se hace el respectivo requerimiento de las etapas para que por favor revise y si la respuesta es acorde para que le de cerrar caso.\r\n\r\nCon respecto al usuario de la compaera, en el sistema me aparece que ya tiene usuario, para que por favor le regalen el link de la mesa de ayuda y que ingrese con el usuario JVILLA y ponga de contrasea mismo usuario, se recomienda que haga el cambio respectivo de la contrasea, quedamos atentos a cualquier novedad.','2025-08-29 17:03:14.255556','',62,42),(111,'Cordial saludo, esperamos notificacin del caso segn requerimiento para poder darle cierre.','2025-08-29 19:55:09.086735','',62,37),(112,'Se actualiza en Linix como terceros de manera correcta.','2025-08-29 20:37:28.953341','',74,37),(113,'se valida la informacin requerida','2025-08-29 22:23:08.098297','',29,26),(114,'Se procede a cerrar caso por cuanto no se dio respuesta por parte del colaborador.','2025-09-01 13:07:33.717006','',62,21),(115,'cordial saludo si el requerimiento tuvo solucin le recordamos darle cierre al caso, de lo contrario nos comenta por este mismo medio que faltara o que inconvenientes tengan.','2025-09-01 13:08:58.283297','',62,37),(116,'CASO SOLUCIONADO','2025-09-01 13:10:04.347754','',74,37),(117,'Cordial saludo, de acuerdo a la ltima novedad enviada se cierra requerimiento por no respuesta del responsable. ','2025-09-01 13:53:49.506848','',19,39),(118,'Cordial saludo, de acuerdo a su solicitud se adjunta la informacin correspondiente. Favor realizar las respectivas validaciones, cerrar el requerimiento en caso de cumplir con su requerimiento.','2025-09-01 15:53:23.817306','adjuntos/INFORMACION_COMERCIAL_-_ACTUALIZACIONES.xlsx',19,44),(119,'Cordial saludo, se realiza refresco del estado de la tarjeta del asociado. Favor revisar, confirmar y cerrar el requerimiento en caso de tener solucin.','2025-09-01 19:56:35.342813','',19,45),(120,'Cordial saludo, para recordarles que si el requerimiento ya fue subsanado darle cerrar caso, sino comentar por este mismo medio los pasos a seguir.','2025-09-01 20:50:15.832065','',62,34);
/*!40000 ALTER TABLE `requerimientos_detallerequerimiento` ENABLE KEYS */;
UNLOCK TABLES;

--
-- Table structure for table `requerimientos_requerimiento`
--

DROP TABLE IF EXISTS `requerimientos_requerimiento`;
/*!40101 SET @saved_cs_client     = @@character_set_client */;
/*!50503 SET character_set_client = utf8mb4 */;
CREATE TABLE `requerimientos_requerimiento` (
  `id` bigint NOT NULL AUTO_INCREMENT,
  `fecha` datetime(6) NOT NULL,
  `titulo` varchar(255) NOT NULL,
  `descripcion` longtext NOT NULL,
  `agencia` varchar(100) NOT NULL,
  `clasificacion` varchar(100) NOT NULL,
  `sub_clasificacion` varchar(100) NOT NULL,
  `adjunto` varchar(100) DEFAULT NULL,
  `estado` varchar(50) NOT NULL,
  `usuario_id` bigint NOT NULL,
  PRIMARY KEY (`id`),
  KEY `requerimientos_reque_usuario_id_4a0e9464_fk_users_use` (`usuario_id`),
  CONSTRAINT `requerimientos_reque_usuario_id_4a0e9464_fk_users_use` FOREIGN KEY (`usuario_id`) REFERENCES `users_user` (`id`)
) ENGINE=InnoDB AUTO_INCREMENT=46 DEFAULT CHARSET=utf8mb4 COLLATE=utf8mb4_0900_ai_ci;
/*!40101 SET character_set_client = @saved_cs_client */;

--
-- Dumping data for table `requerimientos_requerimiento`
--

LOCK TABLES `requerimientos_requerimiento` WRITE;
/*!40000 ALTER TABLE `requerimientos_requerimiento` DISABLE KEYS */;
INSERT INTO `requerimientos_requerimiento` VALUES (1,'2025-08-13 21:14:47.537027','Actualizacin de fecha asociado en linix','Cordial saludo.\r\n\r\nPor favor me colabora compaero cambiando en la fecha de actualizacin en LINIX del asociado LOPEZ ZAMBRANO KEYNER DAMIR R.C. 1127081496. EL 23 de abril de 2025.\r\n\r\nAtenta a sus comentarios.','VILLA GARZON','Solicitud de actualizacion de informacion','ultima fecha de actualizacion de datos (asociados - terceros)','','CERRADO',53),(2,'2025-08-14 14:28:27.841984','SOLICITUD DE REPORTE','Cordial saludo,\r\n\r\nPara solicitar un reporte general de asociado Agencia Pto Ass en archivo Excel para gestin comercial, con los siguientes datos: \r\n - nombres\r\n- numero de documento\r\n- direccin\r\n- telfono\r\n- tipo de asociado\r\n- edad\r\n\r\nAgradezco la atencin.','PUERTO ASIS','Solicitud de reportes de informacion','listado de asociados afiliados','','CERRADO',32),(3,'2025-08-14 16:06:17.288381','PLANO ASOCIADOS JURIDICOS','Segn solicitud de gerencia, se solicita enviar plano con los siguientes datos:\r\n\r\nNOMBRES COMPLETOS \r\nTIPO Y  NUMERO DE IDENTIFICACION\r\nDIRECCION\r\nTELEFONOS\r\nREPRESENTANTE LEGAL\r\nNUMERO DE TELEFONO REPRESENTANTE LEGAL','MOCOA','Solicitud de reportes de informacion','listado de asociados afiliados','','CERRADO',14),(4,'2025-08-15 14:06:02.280612','ERROR MULTIPORTAL','Cordial saludo el siguiente asociado cc 59177620 tiene el siguiente problema manifiesta que cada que realiza un proceso de transferencia interbancaria se inactiva o se bloquea el usuario como podemos observar en el pantallazo','PUERTO ASIS','Software','multiportal','','CERRADO',51),(5,'2025-08-15 16:41:14.238914','Tner agotado','Impresora del rea de riesgos presenta la alerta de \"Tner agotado\"','MOCOA','Hardware','impresoras y validadoras','adjuntos/toner.jpeg','CERRADO',15),(6,'2025-08-15 19:09:38.315805','ACTUALIZACION FECHA ASOCIADO EN LINIX','Cordial saludo. Por favor me colabora compaero cambiando la fecha de ultima actualizacin en LINIX del asociado YELA VALLEJO LUIS MACLAREN  CC 1.086.139.315. Fecha de actualizacin 14 de agosto de 2025.','PUERTO ASIS','Solicitud de actualizacion de informacion','ultima fecha de actualizacion de datos (asociados - terceros)','','CERRADO',43),(7,'2025-08-15 19:51:53.443023','REINICIO VALIDADORAS','SOLICITO DE MANERA ATENTA REINICIAR VALIDADORAS QUE NO ESTAN FUNCIONANDO','DORADA','Hardware','impresoras y validadoras','','CERRADO',55),(8,'2025-08-19 14:49:49.962852','cambio de fecha','Buenas DIAS\r\nsolicito un cambio a de la fecha de actualizacin en el LINIX por motivo de crdito \r\nel asociado es  BERMEO PALACIOS DIEGO ARNULFO   cc 1123333897\r\nla fecha de la ltima actualizacin est 19 de agosto de 2025 y solicito me la modifiquen a 15 de agosto de 2025\r\ngracias','PUERTO ASIS','Solicitud de actualizacion de informacion','ultima fecha de actualizacion de datos (asociados - terceros)','','CERRADO',51),(9,'2025-08-20 15:35:11.519195','SOLICITUD TARJETAS DEBITO','FAVOR ENVIARA TARJETAS DEBITO PARA LA AGENCIA DE SIBUNDOY POR TENER POCAS EN EXIXTENCIA.','SIBUNDOY','Transaccional','tarjetas','','CERRADO',37),(10,'2025-08-20 19:50:50.516809','TRANSACCIONAL','el asociado PIEDRAHITA CABRERA RODRIGO FERNANDO, CC 18124047, no le llega el codigo de seguridad para descargar la APP al correo','MOCOA','Transaccional','transferencias','','CERRADO',63),(11,'2025-08-20 20:34:04.150918','COMUNICACION','Para reportar demasiada lentitud en el aplicativo linix y en la conexin a internet','PUERTO ASIS','Comunicaciones','conexion remota data center','','CERRADO',32),(12,'2025-08-20 21:05:10.524159','NUEVA APP REDCOPCENTRAL - INCONSISTENCIA','Asociada MOSQUERA LEMUS LUZ NEREIDA CC 1077434133 presenta inconsistencia en la nueva app red coopcentral, ya que se  ingreso de la antigua y todo normal, pero en la nueva presenta el inconveniente que adjunto en el siguiente soporte anexo. Agradezco su pronta respuesta, muchas gracias. \r\nFECHA DE EXPEDICION: 07 de abril del 2006\r\nCORREO: lemusluz478@gmail.com\r\nCELULAR: 3207232704','ORITO','Software','multiportal','adjuntos/WhatsApp_Image_2025-08-20_at_3.30.43_PM.jpeg','CERRADO',49),(13,'2025-08-21 15:55:08.607709','SIN CONEXION','Cordial saludo, me permito informar que el da de hoy estamos totalmente sin conexin a internet de movistar y linix','PUERTO ASIS','Comunicaciones','internet','','CERRADO',32),(14,'2025-08-21 16:12:42.900726','Base Asociados Activos','Cordial saludo, teniendo en cuenta que se vienen presentando situaciones en las que estn llegando mensajes de texto smishing y en algunos casos usando el nombre de la cooperativa, se requiere base de asociados activos para envo de mensajes de alerta','MOCOA','Solicitud de reportes de informacion','listado de asociados activos','','CERRADO',74),(15,'2025-08-21 19:31:29.033800','falla en validadoras','las validadoras no imprimen','ORITO','Hardware','impresoras y validadoras','','CERRADO',3),(16,'2025-08-21 20:03:04.946747','SOLICITUD LISTADOS ASOCIADOS','QUIERO SOLICITAR EL FAVOR DE GENERAR ARCHIVO EN EXEL DE ASOCIADOS ADULTOS Y MENORES DE EDAD EN DIFERENTE ARCHIVO PARA CONSULTA Y CONTROL DE ASISTENCIA EL DIA 23 DEL PRESENTE EN EL FESTIVAL DEL VIEMTO AGENCIA SIBUNDOY.','SIBUNDOY','Solicitud de reportes de informacion','listado de asociados activos','','CERRADO',37),(17,'2025-08-22 12:55:26.397386','solicitud de consulta de actualizacin','compaero buenos das, me colabora por favor revisando quien realizo la actualizacin de los siguientes asociados,\r\n1.118.071.409 suarez ortega yuri sirley\r\n1.125.412.007 mora astaiza camila andrea\r\n1.120.099.885 rincon olaya sebastian','PUERTO ASIS','Solicitud de reportes de informacion','listado de asociados actualizados a la fecha','','CERRADO',51),(18,'2025-08-22 14:08:01.332526','ACTUALIZACION DE FECHA','solicito se cambie la fecha de actualizacin de la cuenta de la asociada LIDA MARIA JURADO MORA CC. 27302437\r\n\r\nfecha de actualizacin: 19 de agosto de 2025\r\nusuario que actualiza: GLADAP','PUERTO ASIS','Solicitud de actualizacion de informacion','ultima fecha de actualizacion de datos (asociados - terceros)','','CERRADO',35),(19,'2025-08-22 14:34:53.470471','cambio de cdigo de destinacin en crdito.','De manera atenta solicito cambio en cdigo destinacin de crdito radicado 257000117 a destinacin Bajo monto (L10)','DORADA','Solicitud de actualizacion de informacion','etapas de credito','','CERRADO',27),(20,'2025-08-22 16:08:17.850160','Base Asociados Registrados en Bre-B','Cordial saludo, con el animo de realizar un seguimiento al numero de asociados registrados en la App en el Botn de Bre-B, solicitamos amablemente se aporte el numero a corte 21 de agosto de 2025','MOCOA','Solicitud de reportes de informacion','listado de asociados activos','','CERRADO',74),(21,'2025-08-22 20:49:47.987777','IMPRESORA CAJA','La impresora de caja nuevamente presenta fallas, atasco  de papel','ORITO','Hardware','impresoras y validadoras','','CERRADO',75),(22,'2025-08-25 14:12:10.412043','Activacin Item captacin de aportes','Buenos das, por favor compaeros me colaboran activando la 76 a asociadoCC16804246 Robinson Ortis Carvajal, para lo de captacin de aportes.','VILLA GARZON','Software','linix','','CERRADO',53),(23,'2025-08-25 15:59:23.466968','SOLICITO INSERTAR ETAPA 6','ASOCIADA CIFUENTES POTOSI BRINNY MARCELA CC 1006849806 CREDITO SC 255000224, SOLICITO SU AMABLE COLABORACION COLOCAR LA ETAPA 6 - SE FIRMA GARANTAS DEL CREDITO COMO SON: PAGARES Y CARTA DE INSTRUCCIONES','ORITO','Solicitud de actualizacion de informacion','etapas de credito','','CERRADO',49),(24,'2025-08-25 18:54:30.772912','Solicitud tarjetas debito','Cordial saludo.\r\n\r\nPor favor nos colaboran con el envo de tarjetas dbitos al corresponsal, ya que nos quedan 17 tarjetas por el momento. \r\n\r\nTambin informamos que nos lleg un datfono, para que se haga el tramite pertinente.\r\n  \r\nAtenta a sus comentarios.','VILLA GARZON','Transaccional','tarjetas','','CERRADO',53),(25,'2025-08-25 20:02:07.805018','CAMBIO DE FECHA POR ACTUALIZACION','Buenas tardes, solicito cambiar fecha de actualizacin de datos de la nia,1122730433, Sara Valentina Guevara Cuellar a 19 de agosto 2025.\r\n\r\nmuchas gracias, quedo atenta.','PUERTO LEGUIZAMO','Solicitud de actualizacion de informacion','ultima fecha de actualizacion de datos (asociados - terceros)','','CERRADO',25),(26,'2025-08-25 22:28:48.812600','amnista de aportes','se solicita informacin, de asociados que han aplicado a la amnista de aportes vigente desde el 9 de junio, asociados por agencia.','MOCOA','Solicitud de reportes de informacion','listado de asociados afiliados','','CERRADO',29),(27,'2025-08-26 14:28:02.283603','FALLAS EN WORKMANAGER','REPORTO CAIDA DE LA PLATAFORMA DE WORKMANAGER','HORMIGA','Software','workmanager','','CERRADO',40),(28,'2025-08-26 16:48:41.785655','CONSULTA ASOCIADO','no es posible consultar asociado  SARA YARLIED  SANTACRUZ GUANGA, RC. 1126143560, vinculada el 30 de julio 2025, para realizar proceso de ingreso de firma y foto, el sistema , queda cargando y al final sale del modulo y ventana completamente.','DORADA','Software','linix','adjuntos/falla_consulta_asociada.pdf','CERRADO',73),(29,'2025-08-26 17:00:35.131293','CAMBIO FECHA DE TERCERO Y ASOCIADO','BUENOS DIAS COMPAERO LA PRESENTE ES CON EL PROPOSITO DE REALIZAR EL CAMBIO DE FECHA DE TERCERO Y ASOCIADO A ESTA FECHA AGOSTO 11 DE 2025 YA QUE EN ESTA FECHA SE REALIZO UN CREDITO DE LIBRE INVERSION Y NO SE REALIZO EL DEBIDO PROCESO DE CAMBIO. \r\nDATOS AOCIADA 26638074 CAIMITO MONAGA FRANCI ELENA.','PUERTO LEGUIZAMO','Solicitud de actualizacion de informacion','ultima fecha de actualizacion de datos (asociados - terceros)','','CERRADO',58),(30,'2025-08-26 19:01:25.599837','OneDrive lleno','Actualmente el rea de riesgos cuenta con una cuenta de OneDrive de 1TB la cual se encuentra al 98%, pero la copia local tiene un tamaa 287 GB.','MOCOA','Software','correo electronico institucional','adjuntos/Captura_de_pantalla_2025-08-26_135216.png','CERRADO',15),(31,'2025-08-26 21:43:53.295761','FECHA ULTIMA ACTUALIZACION','Por favor  colocar fecha ultima actualizacin a codeudora con cc 27474980 fecha 21-08-2025 usuarui MGUERR','MOCOA','Solicitud de actualizacion de informacion','ultima fecha de actualizacion de datos (asociados - terceros)','','CERRADO',14),(32,'2025-08-27 14:03:22.220161','Base Asociados Activos','Se solicita amablemente requiere base de asociados activos para envo de mensajes masivos de Email marketing con la invitacin de la II Convocatoria del Fondo de Educacin Formal Superior cootep','MOCOA','Solicitud de reportes de informacion','listado de asociados activos','','CERRADO',74),(33,'2025-08-27 14:35:20.585958','cambio de fecha de actaulizacion a la fecha del radicado de obligacion','Buenos das,\r\n\r\nPor medio del presente, solicito amablemente el cambio de la fecha de actualizacin que actualmente figura como 20/08/2025, para que sea reemplazada por la fecha del radicado del crdito, correspondiente al 25/08/2025, del asociado Crdoba Chilito Fredy, con cdula de ciudadana No. 18.130.888, ya que esta diferencia podra generar una inconsistencia en una posible auditora.\r\n\r\n\r\nQuedo atento a su gestin.','MOCOA','Solicitud de actualizacion de informacion','ultima fecha de actualizacion de datos (asociados - terceros)','','CERRADO',18),(34,'2025-08-27 21:09:10.948668','DAO IMPRESORA DIRECTOR DE AGENCIA','Cordial saludo, mediante el presente me permito informar  que la impresora a mi cargo ya no funciona, por lo anterior es importante el cambio o reemplazo con el fin de continuar realizando mis tareas  de la manera mas gil, eficiente y eficaz.\r\n\r\nAdicionalmente solicito archivarla para que se le realice el debido proceso de depreciacin o baja del elemento.','MOCOA','Hardware','impresoras y validadoras','','EN TRAMITE',14),(35,'2025-08-27 21:09:38.292786','Asociado con inconsistencia de Ingreso a la App Red Coopcentral','La asociada CALDERON PALOMA EMILY CC 1011086920 manifiesta inconvenientes para ingresar a la app de red Coopcentral, se valida que anteriormente tenia registro en los clientes por tener tarjeta debito con el tipo de identificacin Tarjeta de Identidad, por lo tanto al validar el usuario tiene doble registro con tarjeta de identidad y cedula, se solicita realizar una eliminacin de unos de los dos registros.','MOCOA','Software','multiportal','','ACTIVO',74),(36,'2025-08-27 21:10:07.155670','APP DOBLE USUARIO AL MIGRAR','la  asociada 1124862762 realizo la creacin del usuario en la anterior app , sin embargo al migrar el usuario ya existe por lo tanto se requiere   la eliminacin para normalizar su ingreso.','MOCOA','Software','multiportal','','ACTIVO',29),(37,'2025-08-27 22:22:21.926705','Actualizacin de nombre de convenio','Cordial saludo se solicita amablemente se ajuste en Linix el nombre del convenio con ITP teniendo en cuenta que cambio su razn social a Uniputumayo','MOCOA','Software','linix','adjuntos/CONVENIO_ESPECIFICO_UNIPUTUMAYO.pdf','CERRADO',74),(38,'2025-08-28 14:11:43.984230','SOLICITUD REPORTE 074 - NOTAS CONTABLES','Con el fin de hacer una revisin mas completa de las transacciones en efectivo RIOE, solicito el favor de asignarme el reporte 074 a mi unsuario de Linix CGALA, lo anterior para realizar el respectivo anlisis de algunas operaciones que no es posible determinar como fueron realizadas en el reporte 295.\r\nGracias por su colaboracin, quedo atento.','MOCOA','Software','linix','','CERRADO',52),(39,'2025-08-28 16:13:00.985818','TRANSACCIONAL','ASOCIADA: ORTIZ SALAZAR ANA CRISTINA CC 27093859, NO LE PERMITE REALIZAR TRANSFERENCIAS, EN LA APP','MOCOA','Transaccional','transferencias','','CERRADO',63),(40,'2025-08-28 19:26:32.363006','falla sistema','sistema intermitente desde la maa esta presentando ese inconveneinte','ORITO','Software','linix','','CERRADO',3),(41,'2025-08-29 14:51:41.967796','cambio de fecha','Buenas DIAS\r\nsolicito un cambio a de la fecha de actualizacin en el LINIX por motivo de crdito \r\nel asociado es  ROSERO BASANTE ANA PATRICIA  cc 69026983\r\nla fecha de la ltima actualizacin est a 29 de agosto de 2025 y solicito me la modifiquen a 28  de agosto de 2025\r\ngracias','PUERTO ASIS','Solicitud de actualizacion de informacion','ultima fecha de actualizacion de datos (asociados - terceros)','','EN TRAMITE',51),(42,'2025-08-29 15:34:02.802633','ACTIVIDAD DE CREDITO','por favor crear actividad de crdito nro. 006 de solicitud de crdito nro. 253000575 \r\nasociada: YEXICA PAOLA PANTOJA PANTOJA\r\nCC: 1123313435\r\nactividad: 006\r\ndescripcin: SE FIRMA LAS GARANTIA CORRESPONDIENTES\r\nusuario de radicacin: JVILLA','PUERTO ASIS','Solicitud de actualizacion de informacion','etapas de credito','','EN TRAMITE',35),(43,'2025-08-29 16:34:53.413412','REVISION DATAFONO','Por favor compaeros nos colabora revisando datafano de Villagarzn, por que no nos esta leyendo la tarjeta ni vota recibo','VILLA GARZON','Hardware','datafonos','','CERRADO',53),(44,'2025-09-01 15:38:13.770614','Asociados Actualizados 31 de agosto de 2025','Cordial saludo, se solicita amablemente el porcentaje general de Asociados que se encontraban actualizados a corte 31 de agosto de 2025.','MOCOA','Solicitud de reportes de informacion','listado de asociados actualizados a la fecha','','EN TRAMITE',74),(45,'2025-09-01 19:52:42.196897','REVISION INCONVENIENTES APP','Cordial saludo, comedidamente me permito trasladar el inconveniente con la app que ha venido presentando el asociado MORALES GOYES HAIVER JEISON cc 1214723770 quien manifiesta que en la semana que paso se acerco a las oficinas y que a la fecha el inconveniente aun persiste ha intentado por 2 ocasiones realizar trasferencias desde el da sbado y no le ha permitido y ahora la plataforma le  indica que la tarjeta se encuentra bloqueada.\r\n\r\nAgradezco su valiosa gestin y quedo atento.','PUERTO ASIS','Software','multiportal o nueva app red coopcentral','','EN TRAMITE',32);
/*!40000 ALTER TABLE `requerimientos_requerimiento` ENABLE KEYS */;
UNLOCK TABLES;

--
-- Table structure for table `users_user`
--

DROP TABLE IF EXISTS `users_user`;
/*!40101 SET @saved_cs_client     = @@character_set_client */;
/*!50503 SET character_set_client = utf8mb4 */;
CREATE TABLE `users_user` (
  `id` bigint NOT NULL AUTO_INCREMENT,
  `password` varchar(128) NOT NULL,
  `last_login` datetime(6) DEFAULT NULL,
  `is_superuser` tinyint(1) NOT NULL,
  `username` varchar(150) NOT NULL,
  `first_name` varchar(150) NOT NULL,
  `last_name` varchar(150) NOT NULL,
  `email` varchar(254) NOT NULL,
  `is_staff` tinyint(1) NOT NULL,
  `is_active` tinyint(1) NOT NULL,
  `date_joined` datetime(6) NOT NULL,
  `identificacion` varchar(100) NOT NULL,
  `nombres` varchar(255) NOT NULL,
  `agencia` varchar(255) NOT NULL,
  PRIMARY KEY (`id`),
  UNIQUE KEY `username` (`username`),
  UNIQUE KEY `identificacion` (`identificacion`)
) ENGINE=InnoDB AUTO_INCREMENT=76 DEFAULT CHARSET=utf8mb4 COLLATE=utf8mb4_0900_ai_ci;
/*!40101 SET character_set_client = @saved_cs_client */;

--
-- Dumping data for table `users_user`
--

LOCK TABLES `users_user` WRITE;
/*!40000 ALTER TABLE `users_user` DISABLE KEYS */;
INSERT INTO `users_user` VALUES (1,'pbkdf2_sha256$1000000$nsfWaPwoDFkKqotnnTainv$MK43yscdrYhJDaXd8ws609UOOWNNRZfmbOgzydA8MEc=','2025-08-12 20:33:37.623225',1,'admin11','','','soportesistemas@cootep.com.co',1,1,'2024-10-25 15:19:04.409796','','',''),(2,'pbkdf2_sha256$1000000$b2aEU1nOt1BxRclHXsQA9K$ICRTpK7GGWX0spqY+opf+CxT+wECUMIkQ/HorMDIZu8=','2025-06-04 13:08:34.839590',0,'ACHAMO','','','credito@cootep.com.co',0,1,'2024-11-19 19:58:37.063086','18129966','ALFREDO RICARDO CHAMORRO BURBANO','MOCOA'),(3,'pbkdf2_sha256$1000000$M7mrbKXN73MWgNxZiMzXqq$Wf0t0mqCShGTkNRCR1lcYxrlXHatm8kI4wgZfJUT2RI=','2025-08-28 19:25:02.671147',0,'ACAICE','','','agenciaorito@cootep.com.co',0,1,'2024-11-19 19:58:37.622178','41107839','AMILDA BERENICE CAICEDO CAICEDO','ORITO'),(4,'pbkdf2_sha256$870000$PzzrjKJNmvZiTZnxrgHXN9$RhSCc8WyMGXNV4DyVEsYEyn2bp3oWDMFVggrSwMY150=',NULL,0,'ASEGUR','','','agenciahormiga@cootep.com.co',0,1,'2024-11-19 19:58:38.154296','69029569','ANA MARLY SEGURA DIAZ','HORMIGA'),(5,'pbkdf2_sha256$1000000$51ucGYuV5sF1rPGO7fuYoP$T7o9cgIgbeybrB1ORdkJqZtB/iZzM2+3rcF0h9ztRmQ=','2025-05-12 21:14:12.785872',0,'MIRUAN','','','ana.ruano@cootep.com.co',0,1,'2024-11-19 19:58:38.687909','27389048','ANA MILENA RUANO CHAMORRO','HORMIGA'),(6,'pbkdf2_sha256$870000$TWSAiEgGE3i945ULOWKuL1$TUrH1VMjXtYUSA+pblhB9EtLsoMuPx+D9qDkVnOGV+E=',NULL,0,'AROSER','','','contabilidad@cootep.com.co',0,1,'2024-11-19 19:58:39.218828','69008647','ANA VIKY ROSERO ADARME','MOCOA'),(7,'pbkdf2_sha256$870000$F6XFKMcQHMxDtbUA72HXTD$Ee+9e8HjhX7PX/Mob5hXj1R/n3srpcEjT5CBPB3PR/s=',NULL,0,'ANVER','','','asiscontabilidad@cootep.com.co',0,1,'2024-11-19 19:58:39.760322','1124863181','ANDREA CAROLINA VERDUGO BENAVIDES','MOCOA'),(8,'pbkdf2_sha256$870000$9ZuKspybZTvhhsxA1O957M$lDVnE+uclZLZ6xFHrumKSX/7EaYCclGh0jx4pVIU1jk=',NULL,0,'DVALLE','','','asesororito1@cootep.com.co',0,1,'2024-11-19 19:58:40.289559','1006849014','ANDREA DANIELA VALLEJOS PULIDO','ORITO'),(9,'pbkdf2_sha256$870000$fK5Gf1LWDprOxVYnogZYa4$IchQH4fTJjdssPbkChGmTO9J5DXjDokHpate0KtFxx8=',NULL,0,'AURBAN','','','atencionalcliente@cootep.com.co',0,1,'2024-11-19 19:58:40.832955','1124849667','ANGELA MILENA URBANO NARVAEZ','MOCOA'),(10,'pbkdf2_sha256$1000000$YyG3ErGhjIl9xLjwnBmWwL$f0qkKL6x/P3YSHCxjOvDlhHTkRY0sY/ayk+bSrvq5uA=','2025-08-14 14:01:26.604465',0,'BGUERR','','','asesorsibundoy1@cootep.com.co',0,1,'2024-11-19 19:58:41.366741','1006815937','BRANDON DANILO GUERRERO JAJOY','SIBUNDOY'),(11,'pbkdf2_sha256$870000$PNjkH85W49xM6zewPOJA42$VZU09+Zsq8cMYJIMDKWk71uZxB6Lq6VCEnxuppR3vlI=',NULL,0,'ACARVA','','','asesormocoa6@cootep.com.co',0,1,'2024-11-19 19:58:41.908985','1124862382','ELIAS ADIRVEY GALVIS CARVAJAL','MOCOA'),(12,'pbkdf2_sha256$870000$P6Q5h1hcIMWPQzYutJvlfL$UtokAw4Hsb+MbQkxFZ84UfmZ0GbgJqw6pS8bdqy1/Q0=',NULL,0,'CAAZAM','','','corresponsalvillagarzon@cootep.com.co',0,1,'2024-11-19 19:58:42.446417','1127073033','CAMILO ALEJANDRO ZAMBRANO HERNANDEZ','VILLA GARZON'),(13,'pbkdf2_sha256$870000$N8WY7CjykHMMneJZThgsQV$WuKcHxYOMX5waUA3fv4NLcHoOXn2Z2J2NccUwuCrFcU=',NULL,0,'CCAICE','','','auxcaja01@cootep.com.co',0,1,'2024-11-19 19:58:42.983142','18126364','CARLOS HERNAN CAICEDO RAMOS','MOCOA'),(14,'pbkdf2_sha256$1000000$eY0rTdhvMPPyAMpEhruoWl$Rv25MK+RSw8VjSghs8iOdXDRm5nzPW0QtKGUq/Kd+Cc=','2025-08-27 21:05:15.740079',0,'IVAROM','','','agenciamocoa@cootep.com.co',0,1,'2024-11-19 19:58:43.506260','1113643270','CARLOS IVAN ROMERO BASTIDAS','MOCOA'),(15,'pbkdf2_sha256$1000000$MGuOp2waommYbesUdk6xlP$gfvFdne/yMUNh0sg7ck53Tu1MPNtSRHKs/MnX5UoFxA=','2025-08-28 19:35:51.184117',0,'CGARCI','','','riesgos@cootep.com.co',0,1,'2024-11-19 19:58:44.044973','1122782313','CARLOS REINALDO GARCIA NASTAR','MOCOA'),(16,'pbkdf2_sha256$1000000$MPldop628jA1CYaRNGoVpn$oQiLMvZSK5rAHJNkoopwvesXAIf3mP1d3XDP8NllVZw=',NULL,0,'HZAMBR','','','microcreditosibundoy@cootep.com.co',0,1,'2024-11-19 19:58:44.571643','1193405930','HERNAN SANTIAGO ZAMBRANO ENRIQUEZ','SIBUNDOY'),(17,'pbkdf2_sha256$1000000$v4NOoXXOqzd3BRX1d1zUij$3uGzZ+tfnRTFUoLaQY8G0OpkilcwUiGzELzTazAEdeY=','2025-08-25 20:47:34.723662',0,'CGAVIR','','','auxagenciapuerto@cootep.com.co',0,1,'2024-11-19 19:58:45.102018','69028001','CLAUDIA PAOLA GAVIRIA DIAZ','PUERTO ASIS'),(18,'pbkdf2_sha256$1000000$7Mc940cG1I8ugAIdIdC37S$DRGgXdPsU375Cv4t+UoYhfZ0uAy0lGSEThxjZXLPGlk=','2025-08-27 15:37:50.901817',0,'CCORDO','','','asesordeservicios@cootep.com.co',0,1,'2024-11-19 19:58:45.634887','1124862242','CRISTHIAN ANDRES OLARTE CORDOBA','MOCOA'),(19,'pbkdf2_sha256$1000000$MJNiBPlupNrURKEPycAhrg$HImucEsWbADGA40UCIwWQt8SZTki/lCdS7MxWmYtmbA=','2025-09-01 19:53:56.152935',1,'CROBLE','','','auxsistemas@cootep.com.co',0,1,'2024-11-19 19:58:46.170659','1006742709','CRISTIAN MANUEL ROBLES','MOCOA'),(20,'pbkdf2_sha256$870000$vREznbu3ZEvLEuuBg3s64z$dV/NO0blQhrFjHQ7MfF7nB8Fec39Jg5cziv/ycgaDkI=',NULL,0,'DTORRES','','','asistente.oym@cootep.com.co',0,1,'2024-11-19 19:58:46.701338','1117550697','DANNY YULIETH TORRES CASTRO','MOCOA'),(21,'pbkdf2_sha256$1000000$gtHEziqC7sg2zWV4qEzLzu$lZ0MEZsawC/6HBPhFLe9axexFVJ+ILSaW8xrVwuKY6A=','2025-08-15 14:40:39.130801',0,'MQUENA','','','asesorapuertoasis@cootep.com.co',0,1,'2024-11-19 19:58:47.233119','39842101','DEYVY MILENA MUOZ QUENAN','PUERTO ASIS'),(22,'pbkdf2_sha256$870000$9VEQAJdgTwP6MCQkexoVyR$OYwg8n6pUZHY7XWNVk6pJCEZlV73uYj9SR+9VV9oqqs=',NULL,0,'DACERO','','','subgerencia@cootep.com.co',0,1,'2024-11-19 19:58:47.774399','69009123','DIANA ALEJANDRA ACERO CARRILLO','MOCOA'),(23,'pbkdf2_sha256$870000$ggY1zMbWuhyZtjIjwLQxdr$DzmRwk2q8W4dKMrpISluSpOjSUIVJ8sdMPkpG7xDels=',NULL,0,'DREYES','','','diana.reyes@cootep.com.co',0,1,'2024-11-19 19:58:48.296768','1122782471','DIANA EMILSE REYES SOLARTE','SIBUNDOY'),(24,'pbkdf2_sha256$1000000$LIxofdUYeFMzvXO4A9fjOA$Zns63sLnUV1ex3R/Izatc3JZXIfv5brL19dBrZcJESQ=','2025-08-13 21:32:33.238901',0,'DCONGO','','','asistenteriesgos@cootep.com.co',0,1,'2024-11-19 19:58:48.829342','1006850170','DIANA YADIRA CONGOTE ANDRADE','MOCOA'),(25,'pbkdf2_sha256$1000000$AJd8x8eLq6RBmqNlV3SSlC$bgtTK2VxvtrqKlKeg+5nXXeQUsRFTFK4eXLHYrKqyRQ=','2025-08-26 14:43:49.233014',0,'XNARVA','','','auxleguizamo@cootep.com.co',0,1,'2024-11-19 19:58:49.360709','1122730223','EDNA XIMENA NARVAEZ RAMIREZ','PUERTO LEGUIZAMO'),(26,'pbkdf2_sha256$1000000$KDZ8zEUeeTJF85XzZDVf2X$twKCQ5LOmER9Y9Tc4DngWnVusEYsKzNeE7pwAUbSYgc=','2025-08-14 14:16:11.698861',0,'ECUARA','','','microcreditoorito@cootep.com.co',0,1,'2024-11-19 19:58:49.906098','1123322023','EDUARDO CUARAN TIPAZ','HORMIGA'),(27,'pbkdf2_sha256$1000000$yzu33lkGh3BiDgmLmOySuf$uKZRtCV8M4BQgE21cureSnx2EK37MK3FNtauFyxXz04=','2025-08-22 14:30:57.693045',0,'DPEREZ','','','coordinadordorada@cootep.com.co',0,1,'2024-11-19 19:58:50.436541','1126453097','JERSON DAVID SOLARTE PEREZ','PUERTO ASIS'),(28,'pbkdf2_sha256$870000$oruARO8RjBLqUP3o3VvntG$jA9tAq+Vb4xMiWfr056b16g4OLF3qwKSE136yY3imQg=',NULL,0,'MAELV','','','saludocupacional@cootep.com.co',0,1,'2024-11-19 19:58:50.977729','10754363','ELVER MAURICIO GRUESO VAINAS','MOCOA'),(29,'pbkdf2_sha256$1000000$B0Hj4qFbNCA415iULhoFH3$3h4O7TEOH7TkBh5qkcU7hIPo/+ZUHQF0xqQiPIaPju4=','2025-09-01 20:35:47.635551',0,'FAGELO','','','jcomercial@cootep.com.co',0,1,'2024-11-19 19:58:51.505171','18128141','FABIAN LOPEZ GETIAL','MOCOA'),(30,'pbkdf2_sha256$1000000$jbLSlynK15NyVSxCu9tXJO$TTcslTO8emjKW/KLpXx3ySGtRQyTquYV5ukeg1/5Sk8=',NULL,0,'LBENAV','','','lauraalvarado9511@gmail.com',0,1,'2024-11-19 19:58:52.048903','1024668030','LAURA SOFIA ALVARADO BENAVIDES','MOCOA'),(31,'pbkdf2_sha256$870000$16kyd5BtnGXDywzRk1XxiC$766RUPuUu51dlkDQlc0sbRT1vN7Au8fYMfga8fo3/40=',NULL,0,'FOJEDA','','','asesormocoa5@cootep.com.co',0,1,'2024-11-19 19:58:52.580090','18127239','FAVIO NELSON OJEDA GOMEZ','MOCOA'),(32,'pbkdf2_sha256$1000000$LMpF1zGRIDMS43tShcwTSS$FYL1lw/jEaX8V3nKKWrlLvW2nYE3nYAc/mYH7UFUXUw=','2025-09-01 19:48:48.377539',0,'FAGUIN','','','agenciaptoasis@cootep.com.co',0,1,'2024-11-19 19:58:53.114446','18188763','FREDDY ALBERTO GUINCHIN ESTRADA','PUERTO ASIS'),(33,'pbkdf2_sha256$1000000$oa5x56M5KL7UvOm6bPbOkR$aHaH6EtLVk+aWkm7rbGOtWMwTteJ2Tq8Qn7Px6lv3SQ=','2025-08-25 15:33:03.267111',0,'GRODRI','','','asesorhormiga2@cootep.com.co',0,1,'2024-11-19 19:58:53.656983','1085324417','GERLIN DUVAN RODRIGUEZ PORTILLO','HORMIGA'),(34,'pbkdf2_sha256$870000$43Axd191lq3vEWMKz7PZyC$TX7ETH7B7wt922vPQwBwcVjkQHjNITBk3+4/kNGXIEo=',NULL,0,'GECRUZ','','','microcreditohormiga@cootep.com.co',0,1,'2024-11-19 19:58:54.189571','97435734','GERMAN DARIO DE LA CRUZ CHAVEZ','HORMIGA'),(35,'pbkdf2_sha256$1000000$XrdwXu0KutmjaMK8n9mt5l$rOtzLy+cferdXAcPxHjhn8rrTlkRnqPwQrG9ZWBqJeY=','2025-08-29 18:49:52.740357',0,'GLADAP','','','microcreditopuerto@cootep.com.co',0,1,'2024-11-19 19:58:54.731261','69022300','GLADIS YANET APRAEZ TAPIAS','PUERTO ASIS'),(36,'pbkdf2_sha256$870000$uGLXcRgpXU1OtQl56YPiuX$tpFd3uAx6W4Xzz2PxDb8qZMGx2wIadRw++SDQp+9Ce4=',NULL,0,'HPARRA','','','auxcontabilidad@cootep.com.co',0,1,'2024-11-19 19:58:55.267461','1007394461','HERNAN ANTURY PARRA','MOCOA'),(37,'pbkdf2_sha256$1000000$VRMCkf6nC9DDaFDKnYwpfo$kf2gcqT20raPNWccW73bY3G/xgVQy5bDSjjNHbi9mV4=','2025-08-25 19:46:28.456863',0,'HBURBA','','','agenciasibundoy@cootep.com.co',0,1,'2024-11-19 19:58:55.813246','97471182','HERNAN FROILAN BURBANO CAICEDO','SIBUNDOY'),(38,'pbkdf2_sha256$870000$W2D13NMFXRknbY4vpnsscU$wMa2sE2fO8YV7ugkmnb0gjyeaf7MeAUHkeV6SJn4Cuc=',NULL,0,'HGUTIE','','','asistentecartera@cootep.com.co',0,1,'2024-11-19 19:58:56.342861','1124853742','HOLMER GUTIERREZ URBANO','MOCOA'),(39,'pbkdf2_sha256$870000$tODFk4iDpRFBco53zvOXup$ntTBjQOe03bw/FbYu9WOKhDiGED31fYdIFyNmuGTo1g=',NULL,0,'IOBAND','','','tesoreria@cootep.com.co',0,1,'2024-11-19 19:58:56.877215','69006967','IRMA YOLANDA OBANDO MORA','MOCOA'),(40,'pbkdf2_sha256$1000000$BnlLHNsq4mjdPjoG7F1aMo$UEXQ3tMi+AqLIrVLtOZqlRV2VADJFHoddlIFpJJwSIQ=','2025-08-26 15:18:07.229594',0,'JGUERR','','','jaider.guerra@cootep.com.co',0,1,'2024-11-19 19:58:57.412089','1126451813','JAIDER ALFONSO GUERRA SANCHEZ','HORMIGA'),(41,'pbkdf2_sha256$870000$8iohyFHTi1jKcl8W5MdzXy$F8eNR/bUFlNBeatkBOvA4FYAaEi/mnLWWtlsFQv8e6E=',NULL,1,'JROCER','','','sistemas@cootep.com.co',0,1,'2024-11-19 19:58:57.946449','18129474','JAIME FERNANDO ROSERO SANCHEZ','MOCOA'),(42,'pbkdf2_sha256$870000$1PNnpeGYdYHGZLzB9QjBiX$YTcl7gy9j0uuq4QFrfTdzXSNLdVNRejkD7bUWRGT3v8=',NULL,0,'OROSER','','','olmedoacosta@outlook.com',0,1,'2024-11-19 19:58:58.471356','1124863480','JAVIER OLMEDO ACOSTA ROSERO','MOCOA'),(43,'pbkdf2_sha256$1000000$JGaq7md5aSQd0LS6Bcdc8A$TheEF/2cX3a4eXCk9gpDSl4Wal43Gc4qBr615NMyNwU=','2025-09-01 20:15:51.759193',0,'YVARGA','','','auxiliarptoasis2@cootep.com.co',0,1,'2024-11-19 19:58:59.007232','1123207286','JEIMY KATERINE VARGAS ARENAS','PUERTO ASIS'),(44,'pbkdf2_sha256$1000000$vDdPkrVtGdKRYhixOOMC8f$LPTyOWQNRZ2cwX+rldyalInNrhIL69FQ8yrO6CUF3N0=','2025-08-14 18:55:52.515600',0,'JORTIZ','','','coordinadorsibundoy@cootep.com.co',0,1,'2024-11-19 19:58:59.543885','69007865','JENNY MARINA ORTIZ CARLOSAMA','SIBUNDOY'),(45,'pbkdf2_sha256$870000$gsH5oL8hhIDmW7vZjwbKT0$GrQN3Bz3bQgmEMua36W94F6rwicO9E0re100LsUz2Cw=',NULL,0,'JGARCI','','','auditoria@cootep.com.co',0,1,'2024-11-19 19:59:00.083495','18126921','JESUS ALBERTO GARCIA MUOZ','MOCOA'),(46,'pbkdf2_sha256$870000$xmTwhuyV9CY9bw3ljRMdyK$7hXkuZFOoBLpEOgppQD3C1yZaSIt2KDg7rKz3SESLRs=',NULL,0,'JRIASC','','','organizacionymetodos@cootep.com.co',0,1,'2024-11-19 19:59:00.622943','1124862723','JHAN BRANDON RIASCOS MARTINEZ','MOCOA'),(47,'pbkdf2_sha256$870000$JJi0DSuLY64fPV6Q6gamtM$5jtahAtdWXfAze0Vf/rFwg1TeRzEP/Fm0ewkDeHOpfk=',NULL,0,'JMORAL','','','auxiliarptoasis4@cootep.com.co',0,1,'2024-11-19 19:59:01.156084','1123209938','JOHANA MARITZA MORALES CARDENAS','PUERTO ASIS'),(48,'pbkdf2_sha256$1000000$nlf7GloJ7J749xV1wNhRAF$qx9VnCpkxEaoXa5YPlne6zBd91CX8LzGZcUKTUpxnNw=','2025-08-27 20:02:51.839519',0,'JOMAPE','','','talentohumano@cootep.com.co',0,1,'2024-11-19 19:59:01.689818','1124315666','JONATHAN MAURICIO PEJENDINO ROSERO','SIBUNDOY'),(49,'pbkdf2_sha256$1000000$zwG4arE4vcW7I5CPLyZ5ju$jhrfZ02yRuxAGYVxCkadwTchLiMIZK/YaJIT+xc45DM=','2025-08-27 20:38:48.443752',0,'JDELGA','','','karen.delgado@cootep.com.co',0,1,'2024-11-19 19:59:02.223386','1006847385','KAREN JACKELINE CAMPAA DELGADO','ORITO'),(50,'pbkdf2_sha256$870000$l0vfaD9cCPuALqFF8SzUkQ$MW6fTfxgoQlUld3SwvnyJE/NqpZhHUfN3ZapSwHjMAo=',NULL,0,'KAVILL','','','juridico@cootep.com.co',0,1,'2024-11-19 19:59:02.755078','1061746233','KAREN LILIANA VILLOTA HERNANDEZ','MOCOA'),(51,'pbkdf2_sha256$1000000$qqWIBUlW47HB1Uuv0ayAmW$30AJu4ymFQvPkKEpeyqkK0A28ZZAecHcD2++tVvCmgM=','2025-08-29 14:49:58.674611',0,'KGUERR','','','asesorptoasis5@cootep.com.co',0,1,'2024-11-19 19:59:03.284881','1075246591','KELY MABEL GUERRERO LAZO','PUERTO ASIS'),(52,'pbkdf2_sha256$1000000$bEikuZlGdylN5cc7pfGokE$xuv+m8f8+lp4sSjlexgT4QgvdmAipfTIlghSWL/bfCc=','2025-08-28 14:50:09.775795',0,'CGALA','','','oficialdecumplimiento@cootep.com.co',0,1,'2024-11-19 19:59:03.820698','1124860932','KEVIN CAMILO GALARRAGA CORDOBA','MOCOA'),(53,'pbkdf2_sha256$1000000$qVTA31OmNB4TelDtvj6I9E$G7tfBHLBw1xlYheTKplNMO7qNGJ3mPKqqgrzcUNe+ik=','2025-08-29 16:33:30.981619',0,'KPANTO','','','karolina.pantoja@cootep.com.co',0,1,'2024-11-19 19:59:04.347864','1127072952','LICETH KAROLINA PANTOJA MORA','VILLA GARZON'),(54,'pbkdf2_sha256$870000$glxfM59f0UoGUjApoDDO7X$MBtSowRn3sO/Dx+/cb5hlpDAM2C+3GVYUCcQUHIHzYU=',NULL,0,'LHERRE','','','cartera@cootep.com.co',0,1,'2024-11-19 19:59:04.889584','1124857537','LORENA LISETH HERRERA MONCAYO','MOCOA'),(55,'pbkdf2_sha256$1000000$43pZK5sVl9nL5NxBJy77CT$+aP6EnJNC2tDI1VOchdghBUDcMDH64xhvgIeAnsFTXA=','2025-08-15 19:48:09.749784',0,'LCHAMO','','','asesordorada1@cootep.com.co',0,1,'2024-11-19 19:59:05.420079','1006997143','LORENA LISSETH PAZ CHAMORRO','DORADA'),(56,'pbkdf2_sha256$870000$5jOspJcrNGMWNZPCjozblm$DK0PDkMOadPnnPbxmTWo9VPDM6qSL3GZTazGUCJzgTA=',NULL,0,'LJAMAU','','','luis.jamauca@cootep.com.co',0,1,'2024-11-19 19:59:05.987007','1124860712','LUIS JAIDE JAMAUCA CORREA','MOCOA'),(57,'pbkdf2_sha256$870000$no26P7r5EPy8NRsdjODdfF$xCUnV8l5cLjitA8vQCwGFqV2Epu3kvLicPQlhSwPnCY=',NULL,0,'FCRIOL','','','secretaria@cootep.com.co',0,1,'2024-11-19 19:59:06.521129','1124855204','LUISA FERNANDA CUERO CRIOLLO','MOCOA'),(58,'pbkdf2_sha256$1000000$PAeyuAg19X6C1J5qBja96G$wkKzRXKXl/deYDhFf/i+xapPTaYlzXAo+44BXhlaI30=','2025-08-26 19:31:05.458721',0,'MSANAB','','','agencialeguizamo@cootep.com.co',0,1,'2024-11-19 19:59:07.060629','26638355','MAGDA JOHANA SANABRIA TEJADA','PUERTO LEGUIZAMO'),(59,'pbkdf2_sha256$870000$4HodVfKOVN9e4ZeBv8eOF2$lBLLYcdGBKpog58wLivhZnct0CgbX/+vd++WiggVq6o=',NULL,0,'ODIAZ','','','archivo@cootep.com.co',0,1,'2024-11-19 19:59:07.589254','69005166','MARIA OLGA DIAZ','MOCOA'),(60,'pbkdf2_sha256$1000000$t8hx2lzHNjRpD71LM1F2AZ$NE7xmgaviMPp9epjO3vOFpt/wsRfw/vuS7wG2E6hXHw=','2025-08-21 13:25:10.416490',0,'MARDUE','','','asistente.auditoria@cootep.com.co',0,1,'2024-11-19 19:59:08.132342','1124858256','MARIO STEBAN DUEAS DE LA CRUZ','MOCOA'),(61,'pbkdf2_sha256$1000000$xHZ6HwPs29EgXxxTBLeD3T$YqitaIxE0tsAHJkdMySJzIuc9gfqzE9aaK1OZNQTvpo=','2025-09-01 13:25:53.869076',0,'MGUERR','','','auxcartera01@cootep.com.co',0,1,'2024-11-19 19:59:08.673260','69006070','MARY LUCY GUERRON MADROERO','MOCOA'),(62,'pbkdf2_sha256$1000000$DdyjuqPa52MiGIXMyPEvSi$PbJtKozlnBg59pslM5tDbTfqtOGT9NAxvQOMIK4kras=','2025-09-01 20:44:59.299798',1,'MYELA','','','soportesistemas@cootep.com.co',0,1,'2024-11-19 19:59:09.207806','1124857729','MICHAEL YELA VALENCIA','MOCOA'),(63,'pbkdf2_sha256$1000000$lBeLmcPNb6Nsokk8A4ezzP$j9c6Brcna539HDV9Rfu1mVWwHgqtsdtoe1Yazii/cr8=','2025-08-28 16:11:26.867791',0,'MIPOCA','','','operacionesmocoa@cootep.com.co',0,1,'2024-11-19 19:59:09.749141','69009529','MYRIAM MILENA PORTILLO CASTRO','MOCOA'),(64,'pbkdf2_sha256$1000000$zppiYRp45xaFag8PUy0W5a$3KMKBKOQr+K8DwvgEouloCIVJx2qCJNz3aCGDikm3Gw=','2025-08-26 16:52:45.423035',0,'NPIMEN','','','auxiliarleguizamo@cootep.com.co',0,1,'2024-11-19 19:59:10.286382','1122728836','NASSON PIMENTEL CRIOLLO','PUERTO LEGUIZAMO'),(65,'pbkdf2_sha256$870000$R6nReRerUnCAUK40MxogGJ$/LUsqdceDxVfIUBQNVwEydJWwsW5Dg5+y/e5LNNAlp0=',NULL,0,'JVILLA','','','johana1201@gmail.com',0,1,'2024-11-19 19:59:10.819639','1123308832','NINFA JHOJANA CANAMEJOY VILLAMUES','PUERTO ASIS'),(66,'pbkdf2_sha256$870000$fEo02PW6qoYBdWBjxgT5CQ$+UROCRYV7+KoEurhfQOuGGqK1/7fmS820saOdsKjy6I=',NULL,0,'ANARVA','','','auxiliarmocoa2@cootep.com.co',0,1,'2024-11-19 19:59:11.347712','1124863619','OSWALDO ALEJANDRO NARVAEZ ARAUJO','MOCOA'),(67,'pbkdf2_sha256$870000$19TYwVXMGcWJ2QqleycDG9$4N5ZVWe4tYbLl1/UfgbiFkzzDeoGYTpGf2pExS5Vg9w=',NULL,0,'RMALUA','','','gerencia@cootep.com.co',0,1,'2024-11-19 19:59:11.881572','69007052','RAQUEL MALUA SAYALPUD','MOCOA'),(68,'pbkdf2_sha256$1000000$AMeBkD0QvJB8FqYd1OVGME$lyvkcjdDBRwDOUQakKnlRAk5LFKirRKRGom8HMpLjgc=','2025-08-14 19:51:42.052051',0,'ASOLAR','','','asesorhormiga1@cootep.com.co',0,1,'2024-11-19 19:59:12.407067','1126448136','RUTH ALEIDA CUARAN SOLARTE','HORMIGA'),(69,'pbkdf2_sha256$1000000$yJd1RlFSJ2Z2dLoma2m25K$3+GgEuo8cFI7DulL1SXdUe7AcTfLdJv9espxgAm+crU=','2025-08-14 19:21:47.644969',0,'SCUBIL','','','asesorhormiga3@cootep.com.co',0,1,'2024-11-19 19:59:12.934974','53931401','SONIA YANETH CUBILLOS BELTRAN','HORMIGA'),(70,'pbkdf2_sha256$870000$KeSZMXeFObYtvgDJS4xxCB$Nv65gmyuYTS5hsQZrUcECdS21FM16akxjLQ+UR2cvoE=',NULL,0,'WMARC','','','wilbertmarcialperez@gmail.com',0,1,'2024-11-19 19:59:13.460666','1122723272','WILBER MARCIAL PEREZ MAYTAHUARI','PUERTO LEGUIZAMO'),(71,'pbkdf2_sha256$1000000$ycneUYB0mIVq2DVjqoo8Jo$S708Tb3RUmNI6mcT+D/gkSMxroaVjOlGxyhHFGCqMwc=','2025-08-21 16:42:33.638607',0,'WMOREN','','','oficialseguridad@cootep.com.co',0,1,'2024-11-19 19:59:13.989500','1123202174','WILMER MORENO ESTRADA','MOCOA'),(72,'pbkdf2_sha256$870000$iwEUt8san8PSGXq7LB7mcz$tvYe9SQ5hO8sgILq+Wyh414fWPrFPXVU7a4Cg6MNk9Y=',NULL,0,'YMOREN','','','auxiliarptoasis1@cootep.com.co',0,1,'2024-11-19 19:59:14.520144','1006664783','YERZON DUVAN MORENO SANCHEZ','PUERTO ASIS'),(73,'pbkdf2_sha256$1000000$KsAov1x4Wo1ogeV17itc43$5Usfi4s8pI9zPrVBQhN3d61qMEqstWe51J565xqTCXQ=','2025-08-26 23:12:38.905293',0,'YORDON','','','agenciadorada@cootep.com.co',0,1,'2024-11-19 19:59:15.066682','1026145875','YESICA OBANDO ORDOEZ','DORADA'),(74,'pbkdf2_sha256$1000000$IHeqiuHQPNdDHBp43bFBA1$StDb3I5YrdIcqHxY9JtCodc6zGuWbokazetjTLzMGuA=','2025-09-01 15:54:59.423007',0,'YHENAO','','','asistentecomercial@cootep.com.co',0,1,'2024-11-19 19:59:15.596739','1124851488','YUDY ANDREA HENAO LOPEZ','MOCOA'),(75,'pbkdf2_sha256$1000000$SkgOzq6xgsu3FLTyfTxGmb$VWtn1cbLZQrJlUzrfInvVtF0xsdiKs/DhEixPVb7LQs=','2025-08-28 19:32:12.963867',0,'YRODRI','','','coordinadororito@cootep.com.co',0,1,'2024-11-19 19:59:16.140247','69020695','YURANY DEL PILAR RODRIGUEZ CEBALLOS','ORITO');
/*!40000 ALTER TABLE `users_user` ENABLE KEYS */;
UNLOCK TABLES;

--
-- Table structure for table `users_user_groups`
--

DROP TABLE IF EXISTS `users_user_groups`;
/*!40101 SET @saved_cs_client     = @@character_set_client */;
/*!50503 SET character_set_client = utf8mb4 */;
CREATE TABLE `users_user_groups` (
  `id` bigint NOT NULL AUTO_INCREMENT,
  `user_id` bigint NOT NULL,
  `group_id` int NOT NULL,
  PRIMARY KEY (`id`),
  UNIQUE KEY `users_user_groups_user_id_group_id_b88eab82_uniq` (`user_id`,`group_id`),
  KEY `users_user_groups_group_id_9afc8d0e_fk_auth_group_id` (`group_id`),
  CONSTRAINT `users_user_groups_group_id_9afc8d0e_fk_auth_group_id` FOREIGN KEY (`group_id`) REFERENCES `auth_group` (`id`),
  CONSTRAINT `users_user_groups_user_id_5f6f5a90_fk_users_user_id` FOREIGN KEY (`user_id`) REFERENCES `users_user` (`id`)
) ENGINE=InnoDB DEFAULT CHARSET=utf8mb4 COLLATE=utf8mb4_0900_ai_ci;
/*!40101 SET character_set_client = @saved_cs_client */;

--
-- Dumping data for table `users_user_groups`
--

LOCK TABLES `users_user_groups` WRITE;
/*!40000 ALTER TABLE `users_user_groups` DISABLE KEYS */;
/*!40000 ALTER TABLE `users_user_groups` ENABLE KEYS */;
UNLOCK TABLES;

--
-- Table structure for table `users_user_user_permissions`
--

DROP TABLE IF EXISTS `users_user_user_permissions`;
/*!40101 SET @saved_cs_client     = @@character_set_client */;
/*!50503 SET character_set_client = utf8mb4 */;
CREATE TABLE `users_user_user_permissions` (
  `id` bigint NOT NULL AUTO_INCREMENT,
  `user_id` bigint NOT NULL,
  `permission_id` int NOT NULL,
  PRIMARY KEY (`id`),
  UNIQUE KEY `users_user_user_permissions_user_id_permission_id_43338c45_uniq` (`user_id`,`permission_id`),
  KEY `users_user_user_perm_permission_id_0b93982e_fk_auth_perm` (`permission_id`),
  CONSTRAINT `users_user_user_perm_permission_id_0b93982e_fk_auth_perm` FOREIGN KEY (`permission_id`) REFERENCES `auth_permission` (`id`),
  CONSTRAINT `users_user_user_permissions_user_id_20aca447_fk_users_user_id` FOREIGN KEY (`user_id`) REFERENCES `users_user` (`id`)
) ENGINE=InnoDB DEFAULT CHARSET=utf8mb4 COLLATE=utf8mb4_0900_ai_ci;
/*!40101 SET character_set_client = @saved_cs_client */;

--
-- Dumping data for table `users_user_user_permissions`
--

LOCK TABLES `users_user_user_permissions` WRITE;
/*!40000 ALTER TABLE `users_user_user_permissions` DISABLE KEYS */;
/*!40000 ALTER TABLE `users_user_user_permissions` ENABLE KEYS */;
UNLOCK TABLES;
/*!40103 SET TIME_ZONE=@OLD_TIME_ZONE */;

/*!40101 SET SQL_MODE=@OLD_SQL_MODE */;
/*!40014 SET FOREIGN_KEY_CHECKS=@OLD_FOREIGN_KEY_CHECKS */;
/*!40014 SET UNIQUE_CHECKS=@OLD_UNIQUE_CHECKS */;
/*!40101 SET CHARACTER_SET_CLIENT=@OLD_CHARACTER_SET_CLIENT */;
/*!40101 SET CHARACTER_SET_RESULTS=@OLD_CHARACTER_SET_RESULTS */;
/*!40101 SET COLLATION_CONNECTION=@OLD_COLLATION_CONNECTION */;
/*!40111 SET SQL_NOTES=@OLD_SQL_NOTES */;

-- Dump completed on 2025-09-01 21:02:18
